name,body,htmlBody,iconUrl,color
GM,ではお揃いのようなので、はじめてまいりましょう。,ではお揃いのようなので、はじめてまいりましょう。,,"rgb(136, 136, 136)"
GM,シノビガミ「出口なし」セッション開始いたします。よろしくお願いします！,シノビガミ「出口なし」セッション開始いたします。よろしくお願いします！,,"rgb(136, 136, 136)"
スズシロ,よろしくお願いします。,よろしくお願いします。,images/00001.webp,"rgb(71, 131, 132)"
GM,まずは、今回予告から。,まずは、今回予告から。,,"rgb(136, 136, 136)"
GM,"とある地方の山中。ぽつりと建つ古びた木造の病院の入院病棟、2階の203号室。
ベッドに腰掛けた患者の傍らに、ひとりの医師が腰掛けて話を聞いている。
患者は言う。何か大きな罪を犯したのに、それが何なのか思い出せない。
静かな病室で、カウンセリングは続く。

病室の外に人影はない。長い廊下を見渡しても、階下に降りたとしても。
生きて動く者は一人もいない。
ただ、203号室から、話し声がぽつぽつと無人の廊下に漏れ聞こえている。

（――数か月前、忍務の帰途で大怪我を追った忍者をこの病院の医師の1人が保護した。
　隠れ潜む忍者であったその医師は、同情か仁愛か気紛れか、傷ついた忍者が身元を隠して心身を癒せるように尽力した。
　病院の人々は患者をあたたかく遇し、忍者は生まれて初めて味わうような静かで安らかな日々を過ごした。
　その束の間の静穏が、壊れる日までは）

その日壊れたものは、ほんとうは何だったのだろう。
真実は何処に？

――さあ、先生。あなたの患者が待っています。","とある地方の山中。ぽつりと建つ古びた木造の病院の入院病棟、2階の203号室。
ベッドに腰掛けた患者の傍らに、ひとりの医師が腰掛けて話を聞いている。
患者は言う。何か大きな罪を犯したのに、それが何なのか思い出せない。
静かな病室で、カウンセリングは続く。

病室の外に人影はない。長い廊下を見渡しても、階下に降りたとしても。
生きて動く者は一人もいない。
ただ、203号室から、話し声がぽつぽつと無人の廊下に漏れ聞こえている。

（――数か月前、忍務の帰途で大怪我を追った忍者をこの病院の医師の1人が保護した。
　隠れ潜む忍者であったその医師は、同情か仁愛か気紛れか、傷ついた忍者が身元を隠して心身を癒せるように尽力した。
　病院の人々は患者をあたたかく遇し、忍者は生まれて初めて味わうような静かで安らかな日々を過ごした。
　その束の間の静穏が、壊れる日までは）

その日壊れたものは、ほんとうは何だったのだろう。
真実は何処に？

――さあ、先生。あなたの患者が待っています。",,"rgb(136, 136, 136)"
GM,ということで、病院に先生と患者さん、二人きりのお話となります。,ということで、病院に先生と患者さん、二人きりのお話となります。,,"rgb(136, 136, 136)"
GM,"続いてキャラ紹介をやっていただきましょう。
GMから導入と使命を貼りますので、そのあとにキャラシートの公開とキャラ紹介をお願いします。","続いてキャラ紹介をやっていただきましょう。
GMから導入と使命を貼りますので、そのあとにキャラシートの公開とキャラ紹介をお願いします。",,"rgb(136, 136, 136)"
GM,まずはPC1から。,まずはPC1から。,,"rgb(136, 136, 136)"
GM,"【導入】
あなたは数か月前PC2に救われ、この病院に入院している患者である。
何か大きな罪を犯したのに、それが何なのか思い出せない。
何らかのショックによる一時的な記憶障害だろうと医師は言う。
あなたの【使命】は記憶を取り戻すことである。","【導入】
あなたは数か月前PC2に救われ、この病院に入院している患者である。
何か大きな罪を犯したのに、それが何なのか思い出せない。
何らかのショックによる一時的な記憶障害だろうと医師は言う。
あなたの【使命】は記憶を取り戻すことである。",,"rgb(136, 136, 136)"
GM,使命：記憶を取り戻す,使命：記憶を取り戻す,,"rgb(136, 136, 136)"
スズシロ,"◆PC1キャラクターシート
https://character-sheets.appspot.com/shinobigami/edit.html?key=ahVzfmNoYXJhY3Rlci1zaGVldHMtbXByFwsSDUNoYXJhY3RlckRhdGEY1ra5rwUM","◆PC1キャラクターシート
https://character-sheets.appspot.com/shinobigami/edit.html?key=ahVzfmNoYXJhY3Rlci1zaGVldHMtbXByFwsSDUNoYXJhY3RlckRhdGEY1ra5rwUM",images/00001.webp,"rgb(71, 131, 132)"
スズシロ,菘　清白（スズナ　スズシロ）といいます。,菘　清白（スズナ　スズシロ）といいます。,images/00002.webp,"rgb(71, 131, 132)"
スズシロ,ええと、ここでは患者になりますね。,ええと、ここでは患者になりますね。,images/00002.webp,"rgb(71, 131, 132)"
スズシロ,記憶がありませんが……,記憶がありませんが……,images/00002.webp,"rgb(71, 131, 132)"
スズシロ,好きなものや、事は覚えているようなので、よかった。,好きなものや、事は覚えているようなので、よかった。,images/00002.webp,"rgb(71, 131, 132)"
スズシロ,先生もいてくれるし、安心です。,先生もいてくれるし、安心です。,images/00002.webp,"rgb(71, 131, 132)"
スズシロ,この状態では恩を返せないのが心苦しいくらい、良くしてもらってます。,この状態では恩を返せないのが心苦しいくらい、良くしてもらってます。,images/00002.webp,"rgb(71, 131, 132)"
スズシロ,どうぞ、よろしくお願いします。,どうぞ、よろしくお願いします。,images/00002.webp,"rgb(71, 131, 132)"
GM,ありがとうございます！　穏やかな患者さん～,ありがとうございます！　穏やかな患者さん～,,"rgb(136, 136, 136)"
GM,続いては先生の方に自己紹介をしていただきましょう,続いては先生の方に自己紹介をしていただきましょう,,"rgb(136, 136, 136)"
GM,PC2。導入と使命を貼ります。,PC2。導入と使命を貼ります。,,"rgb(136, 136, 136)"
GM,"【導入】
あなたはこの病院の医師である。何らかの理由で隠れ潜む忍者であったあなたは、同情か仁愛か気紛れか、数か月前にPC1を匿い、その主治医をつとめてきた。
体の傷が癒えたというのに、PC1は何らかのショックで起きた記憶障害に悩んでいる。
あなたの【使命】はPC1に記憶を取り戻させることだ。","【導入】
あなたはこの病院の医師である。何らかの理由で隠れ潜む忍者であったあなたは、同情か仁愛か気紛れか、数か月前にPC1を匿い、その主治医をつとめてきた。
体の傷が癒えたというのに、PC1は何らかのショックで起きた記憶障害に悩んでいる。
あなたの【使命】はPC1に記憶を取り戻させることだ。",,"rgb(136, 136, 136)"
GM,使命：PC1に記憶を取り戻させる,使命：PC1に記憶を取り戻させる,,"rgb(136, 136, 136)"
木兎乃,"◆PC2キャラクターシート
https://character-sheets.appspot.com/shinobigami/edit.html?key=ahVzfmNoYXJhY3Rlci1zaGVldHMtbXByFwsSDUNoYXJhY3RlckRhdGEY99-IvgUM [編集済]","◆PC2キャラクターシート
https://character-sheets.appspot.com/shinobigami/edit.html?key=ahVzfmNoYXJhY3Rlci1zaGVldHMtbXByFwsSDUNoYXJhY3RlckRhdGEY99-IvgUM<span style=""color: rgb(117, 117, 117);"">&nbsp;[編集済]</span>",images/00003.webp,"rgb(156, 39, 176)"
木兎乃,築久地　木兎乃（つきくじ　つくの）と申します。,築久地　木兎乃（つきくじ　つくの）と申します。,images/00004.webp,"rgb(156, 39, 176)"
木兎乃,スズシロさんの主治医を務めさせていただいてます。,スズシロさんの主治医を務めさせていただいてます。,images/00004.webp,"rgb(156, 39, 176)"
木兎乃,患者さんには精一杯優しくするのがモットーです。,患者さんには精一杯優しくするのがモットーです。,images/00004.webp,"rgb(156, 39, 176)"
木兎乃,スズシロさんがこれから記憶を取り戻すお手伝いができるように頑張りたいのですが……今は成果が出ていないのが現状です。,スズシロさんがこれから記憶を取り戻すお手伝いができるように頑張りたいのですが……今は成果が出ていないのが現状です。,images/00005.webp,"rgb(156, 39, 176)"
木兎乃,今日は、なにか手掛かりが掴めるといいんですが。,今日は、なにか手掛かりが掴めるといいんですが。,images/00005.webp,"rgb(156, 39, 176)"
木兎乃,"では、診察を始めましょうか。
よろしくお願いしますね。","では、診察を始めましょうか。
よろしくお願いしますね。",images/00004.webp,"rgb(156, 39, 176)"
GM,ありがとうございます！こちらも穏やかで優しい先生だ。,ありがとうございます！こちらも穏やかで優しい先生だ。,,"rgb(136, 136, 136)"
GM,では、このお二人でやってまいりましょう。よろしくお願いします！,では、このお二人でやってまいりましょう。よろしくお願いします！,,"rgb(136, 136, 136)"
GM,■導入フェイズ,■導入フェイズ,,"rgb(136, 136, 136)"
GM,12月24日、クリスマス・イブ。,12月24日、クリスマス・イブ。,,"rgb(136, 136, 136)"
GM,街はイルミネーションに彩られ、その中を家族や友人、恋人達が賑わせる頃。,街はイルミネーションに彩られ、その中を家族や友人、恋人達が賑わせる頃。,,"rgb(136, 136, 136)"
GM,普段は街の喧騒とは遠く離れたこの病院でも、今日はクリスマスパーティーが執り行われる。,普段は街の喧騒とは遠く離れたこの病院でも、今日はクリスマスパーティーが執り行われる。,,"rgb(136, 136, 136)"
GM,医者と患者、ただ二人きりの。,医者と患者、ただ二人きりの。,,"rgb(136, 136, 136)"
木兎乃,「メリー、クリスマース！」,「メリー、クリスマース！」,images/00006.webp,"rgb(156, 39, 176)"
木兎乃,安っぽい三角帽子をかぶり、ケーキの前で拍手をする。,安っぽい三角帽子をかぶり、ケーキの前で拍手をする。,images/00006.webp,"rgb(156, 39, 176)"
スズシロ,「メリー・クリスマス。ケーキまでご用意いただいちゃって」,「メリー・クリスマス。ケーキまでご用意いただいちゃって」,images/00002.webp,"rgb(71, 131, 132)"
木兎乃,"「流石にケーキ屋さんのは売り切れてたので、その辺のスーパーのですが。
　それでもやっぱりあるとわくわくしますよね～」","「流石にケーキ屋さんのは売り切れてたので、その辺のスーパーのですが。
　それでもやっぱりあるとわくわくしますよね～」",images/00006.webp,"rgb(156, 39, 176)"
スズシロ,「どんなケーキでも、先生が選んで、僕と食べてくれるならなんでも嬉しいですよ」,「どんなケーキでも、先生が選んで、僕と食べてくれるならなんでも嬉しいですよ」,images/00002.webp,"rgb(71, 131, 132)"
木兎乃,「ふふ、嬉しいですね」,「ふふ、嬉しいですね」,images/00004.webp,"rgb(156, 39, 176)"
木兎乃,「ささ、食べてしまいましょう」,「ささ、食べてしまいましょう」,images/00004.webp,"rgb(156, 39, 176)"
木兎乃,紙皿に乗った一切れのケーキを、プラスチックのフォークと共に。,紙皿に乗った一切れのケーキを、プラスチックのフォークと共に。,images/00004.webp,"rgb(156, 39, 176)"
木兎乃,シャンパンの代わりはリンゴジュースを。,シャンパンの代わりはリンゴジュースを。,images/00004.webp,"rgb(156, 39, 176)"
スズシロ,「いただきます。」,「いただきます。」,images/00002.webp,"rgb(71, 131, 132)"
木兎乃,「いただきます」,「いただきます」,images/00004.webp,"rgb(156, 39, 176)"
スズシロ,持った紙皿も、フォークも、大男が持つと小さく見える。,持った紙皿も、フォークも、大男が持つと小さく見える。,images/00002.webp,"rgb(71, 131, 132)"
スズシロ,「美味しいですねえ」,「美味しいですねえ」,images/00002.webp,"rgb(71, 131, 132)"
木兎乃,「そうですねえ。最近のスーパーはずいぶんと味が良くなって」,「そうですねえ。最近のスーパーはずいぶんと味が良くなって」,images/00004.webp,"rgb(156, 39, 176)"
木兎乃,平均的な女性くらいの背丈で並ぶと、まるで子供のようだ。,平均的な女性くらいの背丈で並ぶと、まるで子供のようだ。,images/00004.webp,"rgb(156, 39, 176)"
スズシロ,「先生はサンタさんにプレゼントを頼みましたか？」,「先生はサンタさんにプレゼントを頼みましたか？」,images/00002.webp,"rgb(71, 131, 132)"
スズシロ,唐突な質問。,唐突な質問。,images/00002.webp,"rgb(71, 131, 132)"
木兎乃,「プレゼントですか」,「プレゼントですか」,images/00005.webp,"rgb(156, 39, 176)"
木兎乃,「そうですねえ、私はあげる側ですから……」,「そうですねえ、私はあげる側ですから……」,images/00004.webp,"rgb(156, 39, 176)"
木兎乃,「サンタさんにプレゼントをくれる人はいるんでしょうか？」,「サンタさんにプレゼントをくれる人はいるんでしょうか？」,images/00004.webp,"rgb(156, 39, 176)"
スズシロ,「サンタさんへのプレゼントは、きっと、翌日の子どもたちの笑顔ですよ」,「サンタさんへのプレゼントは、きっと、翌日の子どもたちの笑顔ですよ」,images/00002.webp,"rgb(71, 131, 132)"
スズシロ,「僕も今回は記憶が戻りますように、とお願いしてて」,「僕も今回は記憶が戻りますように、とお願いしてて」,images/00002.webp,"rgb(71, 131, 132)"
スズシロ,「戻ったら、サンタさんにありがとうを言うつもりなんです」,「戻ったら、サンタさんにありがとうを言うつもりなんです」,images/00002.webp,"rgb(71, 131, 132)"
木兎乃,「おやまあ」,「おやまあ」,images/00004.webp,"rgb(156, 39, 176)"
木兎乃,「あなたが笑顔でサンタさんにお礼を言えるように、私も頑張らないといけませんね」,「あなたが笑顔でサンタさんにお礼を言えるように、私も頑張らないといけませんね」,images/00004.webp,"rgb(156, 39, 176)"
スズシロ,「ありがとうございます」,「ありがとうございます」,images/00002.webp,"rgb(71, 131, 132)"
スズシロ,「本当、先生にはなんとお礼を言ったらいいか……」,「本当、先生にはなんとお礼を言ったらいいか……」,images/00002.webp,"rgb(71, 131, 132)"
木兎乃,「まだお礼を言ってもらえるようなことはできてませんよ」,「まだお礼を言ってもらえるようなことはできてませんよ」,images/00007.webp,"rgb(156, 39, 176)"
スズシロ,「いえ、ここに置いていただけるだけでも」,「いえ、ここに置いていただけるだけでも」,images/00002.webp,"rgb(71, 131, 132)"
スズシロ,「とても幸運なことですよ」,「とても幸運なことですよ」,images/00002.webp,"rgb(71, 131, 132)"
スズシロ,大きな手のひらが伸びて。,大きな手のひらが伸びて。,images/00002.webp,"rgb(71, 131, 132)"
スズシロ,眼の前にいる貴方の手を握る。,眼の前にいる貴方の手を握る。,images/00002.webp,"rgb(71, 131, 132)"
スズシロ,目が合う。,目が合う。,images/00002.webp,"rgb(71, 131, 132)"
木兎乃,"穏やかに微笑んでいる。
林檎のような甘い色をした目で見つめている。","穏やかに微笑んでいる。
林檎のような甘い色をした目で見つめている。",images/00004.webp,"rgb(156, 39, 176)"
木兎乃,手の大きさは、大人と子供ほどに違う。,手の大きさは、大人と子供ほどに違う。,images/00004.webp,"rgb(156, 39, 176)"
木兎乃,大きな手が包み込むのに任せて、ゆるく握り返した。,大きな手が包み込むのに任せて、ゆるく握り返した。,images/00004.webp,"rgb(156, 39, 176)"
スズシロ,触れている箇所が、二人の体温で暖かくなっていく。,触れている箇所が、二人の体温で暖かくなっていく。,images/00002.webp,"rgb(71, 131, 132)"
スズシロ,特別ではない、暖かい日だった。,特別ではない、暖かい日だった。,images/00008.webp,"rgb(71, 131, 132)"
GM,■メインフェイズ　サイクル1,■メインフェイズ　サイクル1,,"rgb(136, 136, 136)"
GM,メインフェイズは2サイクルです。,メインフェイズは2サイクルです。,,"rgb(136, 136, 136)"
GM,お二人とも先手希望とのことなので、ダイスで出目の高い方から動いていただきます。,お二人とも先手希望とのことなので、ダイスで出目の高い方から動いていただきます。,,"rgb(136, 136, 136)"
GM,1d100をどうぞ！,1d100をどうぞ！,,"rgb(136, 136, 136)"
木兎乃,1D100 (1D100) ＞ 38,"1D100<span style=""color: rgba(255, 255, 255, 0.7);"">&nbsp;(1D100) ＞ 38</span>",images/00004.webp,"rgb(156, 39, 176)"
スズシロ,1d100 (1D100) ＞ 2,"1d100<span style=""color: rgba(255, 255, 255, 0.7);"">&nbsp;(1D100) ＞ 2</span>",images/00002.webp,"rgb(71, 131, 132)"
GM,では木兎乃さんから。,では木兎乃さんから。,,"rgb(136, 136, 136)"
木兎乃,はい。,はい。,images/00004.webp,"rgb(156, 39, 176)"
GM,■サイクル1　木兎乃,■サイクル1　木兎乃,,"rgb(136, 136, 136)"
GM,行動はどうしますか？,行動はどうしますか？,,"rgb(136, 136, 136)"
GM,最初に戦闘を行うか、ドラマシーンを行うかを宣言していただく感じになります。,最初に戦闘を行うか、ドラマシーンを行うかを宣言していただく感じになります。,,"rgb(136, 136, 136)"
木兎乃,ドラマシーンを行います。,ドラマシーンを行います。,images/00004.webp,"rgb(156, 39, 176)"
GM,はい！　シーン表があるので振っていただくこともできますが、導入の続きでも大丈夫そうですね。お任せします。,はい！　シーン表があるので振っていただくこともできますが、導入の続きでも大丈夫そうですね。お任せします。,,"rgb(136, 136, 136)"
木兎乃,では導入の続きでいきます！,では導入の続きでいきます！,images/00004.webp,"rgb(156, 39, 176)"
GM,はーい。,はーい。,,"rgb(136, 136, 136)"
木兎乃,触れ合い、体温が交ざり合い、等しくなっていく。,触れ合い、体温が交ざり合い、等しくなっていく。,images/00003.webp,"rgb(156, 39, 176)"
木兎乃,ひとときの穏やかな沈黙が流れて。,ひとときの穏やかな沈黙が流れて。,images/00003.webp,"rgb(156, 39, 176)"
木兎乃,静かな声が再び響く。,静かな声が再び響く。,images/00003.webp,"rgb(156, 39, 176)"
木兎乃,「実は」,「実は」,images/00004.webp,"rgb(156, 39, 176)"
木兎乃,「私も、プレゼントの準備をしているんです」,「私も、プレゼントの準備をしているんです」,images/00004.webp,"rgb(156, 39, 176)"
木兎乃,「あなたの失くした記憶を……」,「あなたの失くした記憶を……」,images/00004.webp,"rgb(156, 39, 176)"
木兎乃,「取り戻すための、準備を」,「取り戻すための、準備を」,images/00004.webp,"rgb(156, 39, 176)"
木兎乃,「けれど、そのためにまず、スズシロさんに協力してほしいんです」 [編集済],"「けれど、そのためにまず、スズシロさんに協力してほしいんです」<span style=""color: rgb(117, 117, 117);"">&nbsp;[編集済]</span>",images/00004.webp,"rgb(156, 39, 176)"
スズシロ,「僕の記憶を？」,「僕の記憶を？」,images/00002.webp,"rgb(71, 131, 132)"
スズシロ,「ええ、ええ、それなら」,「ええ、ええ、それなら」,images/00002.webp,"rgb(71, 131, 132)"
スズシロ,「どんなことでも仰ってください」,「どんなことでも仰ってください」,images/00002.webp,"rgb(71, 131, 132)"
スズシロ,「協力します」,「協力します」,images/00002.webp,"rgb(71, 131, 132)"
木兎乃,「ありがとう」,「ありがとう」,images/00004.webp,"rgb(156, 39, 176)"
木兎乃,「あなたの信頼が、なにより嬉しい」,「あなたの信頼が、なにより嬉しい」,images/00004.webp,"rgb(156, 39, 176)"
木兎乃,「その信頼に応えられるよう、私も精一杯を務めます」,「その信頼に応えられるよう、私も精一杯を務めます」,images/00004.webp,"rgb(156, 39, 176)"
木兎乃,手は暖かい。,手は暖かい。,images/00003.webp,"rgb(156, 39, 176)"
木兎乃,木兎乃からは、嫌味でないほどのかすかな煙草の匂いがして。,木兎乃からは、嫌味でないほどのかすかな煙草の匂いがして。,images/00003.webp,"rgb(156, 39, 176)"
木兎乃,声はどこまでも、まるく、優しい。,声はどこまでも、まるく、優しい。,images/00003.webp,"rgb(156, 39, 176)"
木兎乃,寝入る子に母がかける毛布のように。,寝入る子に母がかける毛布のように。,images/00003.webp,"rgb(156, 39, 176)"
木兎乃,そこに、巧妙な魔力がかくされて。,そこに、巧妙な魔力がかくされて。,images/00003.webp,"rgb(156, 39, 176)"
木兎乃,男の奥底にあるものを、招き出そうとする。,男の奥底にあるものを、招き出そうとする。,images/00003.webp,"rgb(156, 39, 176)"
木兎乃,＊情報判定。スズシロの【秘密】を抜きます。,＊情報判定。スズシロの【秘密】を抜きます。,images/00003.webp,"rgb(156, 39, 176)"
木兎乃,＊指定特技は言霊術。,＊指定特技は言霊術。,images/00003.webp,"rgb(156, 39, 176)"
GM,はい。判定をどうぞ！,はい。判定をどうぞ！,,"rgb(136, 136, 136)"
木兎乃,"2D6>=5 （判定：言霊術） (2D6>=5) ＞ 7[3,4] ＞ 7 ＞ 成功","2D6&gt;=5 （判定：言霊術）<span style=""color: rgb(33, 150, 243);"">&nbsp;(2D6&gt;=5) ＞ 7[3,4] ＞ 7 ＞ 成功</span>",images/00003.webp,"rgb(156, 39, 176)"
GM,成功ですね。スズシロさんの秘密をお渡しします。,成功ですね。スズシロさんの秘密をお渡しします。,,"rgb(136, 136, 136)"
GM,本来は秘話でお送りするのですが、二人なので直接公開しちゃいます。,本来は秘話でお送りするのですが、二人なので直接公開しちゃいます。,,"rgb(136, 136, 136)"
GM,"【秘密：菘 清白】
実はあなたこそがこの病院の医師である。
あなたはある理由（PLの任意）からこの病院の人々を殺した。その場に居合わせたショックからか、築久地 木兎乃は記憶に混乱をきたした。築久地 木兎乃の中で、匿われた忍者である築久地 木兎乃と、その主治医であるあなたが逆転してしまっているのだ。
あなたが患者を演じているのは治療の手段だった。ごく僅かずつ事件の情報を伝えることで、築久地 木兎乃の状態を探っていたのだ。
そして判断し、決断した。築久地 木兎乃の記憶を修正し、思い出させねばならない。もう手段は選ばない。築久地 木兎乃に憎まれ追われることになろうとも、それがあなたへの罰となり贖罪の手段となるだろう。
あなたの【本当の使命】は、あなたから築久地 木兎乃にプライズを渡し、かつ最終的なプライズの所持者となることだ。","【秘密：菘 清白】
実はあなたこそがこの病院の医師である。
あなたはある理由（PLの任意）からこの病院の人々を殺した。その場に居合わせたショックからか、築久地 木兎乃は記憶に混乱をきたした。築久地 木兎乃の中で、匿われた忍者である築久地 木兎乃と、その主治医であるあなたが逆転してしまっているのだ。
あなたが患者を演じているのは治療の手段だった。ごく僅かずつ事件の情報を伝えることで、築久地 木兎乃の状態を探っていたのだ。
そして判断し、決断した。築久地 木兎乃の記憶を修正し、思い出させねばならない。もう手段は選ばない。築久地 木兎乃に憎まれ追われることになろうとも、それがあなたへの罰となり贖罪の手段となるだろう。
あなたの【本当の使命】は、あなたから築久地 木兎乃にプライズを渡し、かつ最終的なプライズの所持者となることだ。",,"rgb(136, 136, 136)"
GM,以上です。,以上です。,,"rgb(136, 136, 136)"
スズシロ,流れ込んでくる体温、香り、声。,流れ込んでくる体温、香り、声。,images/00008.webp,"rgb(71, 131, 132)"
スズシロ,感覚を揺らされて、言葉が紡がれる。,感覚を揺らされて、言葉が紡がれる。,images/00008.webp,"rgb(71, 131, 132)"
スズシロ,動揺はない。,動揺はない。,images/00008.webp,"rgb(71, 131, 132)"
スズシロ,穏やかな時間だけが流れている。,穏やかな時間だけが流れている。,images/00008.webp,"rgb(71, 131, 132)"
木兎乃,紡がれるのは、さかしまの事実。,紡がれるのは、さかしまの事実。,images/00003.webp,"rgb(156, 39, 176)"
木兎乃,目はわずかに見開かれて。,目はわずかに見開かれて。,images/00003.webp,"rgb(156, 39, 176)"
木兎乃,そして、また穏やかな視線に戻った。,そして、また穏やかな視線に戻った。,images/00003.webp,"rgb(156, 39, 176)"
木兎乃,否。,否。,images/00003.webp,"rgb(156, 39, 176)"
木兎乃,"元には戻っていない。
そこには、覚悟がある。","元には戻っていない。
そこには、覚悟がある。",images/00003.webp,"rgb(156, 39, 176)"
木兎乃,「……そうですか」,「……そうですか」,images/00003.webp,"rgb(156, 39, 176)"
木兎乃,「話してくれて、ありがとう」,「話してくれて、ありがとう」,images/00003.webp,"rgb(156, 39, 176)"
スズシロ,「こちらこそ」,「こちらこそ」,images/00002.webp,"rgb(71, 131, 132)"
スズシロ,「貴方に話せてよかった」,「貴方に話せてよかった」,images/00002.webp,"rgb(71, 131, 132)"
スズシロ,繋がれていた手のひらが離れて。,繋がれていた手のひらが離れて。,images/00002.webp,"rgb(71, 131, 132)"
スズシロ,貴方の頬へ。,貴方の頬へ。,images/00002.webp,"rgb(71, 131, 132)"
スズシロ,それは医師が患者にするような動きではなく。,それは医師が患者にするような動きではなく。,images/00002.webp,"rgb(71, 131, 132)"
スズシロ,大切なものを愛でるような手付き。,大切なものを愛でるような手付き。,images/00002.webp,"rgb(71, 131, 132)"
木兎乃,「……どうして」,「……どうして」,images/00004.webp,"rgb(156, 39, 176)"
木兎乃,「そんな風に、触れるんですか？」,「そんな風に、触れるんですか？」,images/00004.webp,"rgb(156, 39, 176)"
木兎乃,「治療としては、余計じゃないのかな」,「治療としては、余計じゃないのかな」,images/00004.webp,"rgb(156, 39, 176)"
スズシロ,「貴方とより親密になりたいから」,「貴方とより親密になりたいから」,images/00002.webp,"rgb(71, 131, 132)"
スズシロ,「通常の治療では上手くいかないものですから」,「通常の治療では上手くいかないものですから」,images/00002.webp,"rgb(71, 131, 132)"
スズシロ,「こうやって」,「こうやって」,images/00002.webp,"rgb(71, 131, 132)"
スズシロ,指先が目元へ、耳へ。,指先が目元へ、耳へ。,images/00002.webp,"rgb(71, 131, 132)"
スズシロ,「嫌なら言ってもらって構いませんよ」,「嫌なら言ってもらって構いませんよ」,images/00002.webp,"rgb(71, 131, 132)"
木兎乃,「いいえ」,「いいえ」,images/00004.webp,"rgb(156, 39, 176)"
木兎乃,笑みは変わらず。,笑みは変わらず。,images/00004.webp,"rgb(156, 39, 176)"
木兎乃,「嫌だなんて、少しも」,「嫌だなんて、少しも」,images/00004.webp,"rgb(156, 39, 176)"
スズシロ,「でも、どこか、貴方は」,「でも、どこか、貴方は」,images/00002.webp,"rgb(71, 131, 132)"
スズシロ,「踏み込ませないようにしている」,「踏み込ませないようにしている」,images/00002.webp,"rgb(71, 131, 132)"
スズシロ,「それが僕にはとても美しく見えるし」,「それが僕にはとても美しく見えるし」,images/00002.webp,"rgb(71, 131, 132)"
スズシロ,「羨ましく想うんです」,「羨ましく想うんです」,images/00002.webp,"rgb(71, 131, 132)"
スズシロ,指先が口元に当てられる。,指先が口元に当てられる。,images/00002.webp,"rgb(71, 131, 132)"
木兎乃,ことさらにやわらかく、繊細な部分。,ことさらにやわらかく、繊細な部分。,images/00003.webp,"rgb(156, 39, 176)"
木兎乃,男の太い指が当てられたとて、しかし、動じることはなく。,男の太い指が当てられたとて、しかし、動じることはなく。,images/00003.webp,"rgb(156, 39, 176)"
木兎乃,ふっと、笑みの吐息がその指先を擽るだけ。,ふっと、笑みの吐息がその指先を擽るだけ。,images/00003.webp,"rgb(156, 39, 176)"
木兎乃,「お望みなら」,「お望みなら」,images/00004.webp,"rgb(156, 39, 176)"
木兎乃,「いくらでも、踏み込んで」,「いくらでも、踏み込んで」,images/00004.webp,"rgb(156, 39, 176)"
木兎乃,「荒らして」,「荒らして」,images/00004.webp,"rgb(156, 39, 176)"
木兎乃,「侵して」,「侵して」,images/00004.webp,"rgb(156, 39, 176)"
木兎乃,「嬲ろうとも」,「嬲ろうとも」,images/00004.webp,"rgb(156, 39, 176)"
木兎乃,「私は、止めません」,「私は、止めません」,images/00004.webp,"rgb(156, 39, 176)"
木兎乃,「拒むことは、ありませんよ」,「拒むことは、ありませんよ」,images/00004.webp,"rgb(156, 39, 176)"
スズシロ,「ああ、ほら」,「ああ、ほら」,images/00002.webp,"rgb(71, 131, 132)"
スズシロ,「そんなふうに」,「そんなふうに」,images/00002.webp,"rgb(71, 131, 132)"
スズシロ,「こんなに近くで触れているのに」,「こんなに近くで触れているのに」,images/00002.webp,"rgb(71, 131, 132)"
スズシロ,「貴方はするりと通り抜けてしまう」,「貴方はするりと通り抜けてしまう」,images/00002.webp,"rgb(71, 131, 132)"
スズシロ,「まるで夢の中の人みたい」,「まるで夢の中の人みたい」,images/00002.webp,"rgb(71, 131, 132)"
スズシロ,「こんな僕には届きそうにない」 [編集済],"「こんな僕には届きそうにない」<span style=""color: rgb(117, 117, 117);"">&nbsp;[編集済]</span>",images/00002.webp,"rgb(71, 131, 132)"
スズシロ,大きな手が離れていく。,大きな手が離れていく。,images/00002.webp,"rgb(71, 131, 132)"
木兎乃,「夢の中でしかないとしたら」,「夢の中でしかないとしたら」,images/00004.webp,"rgb(156, 39, 176)"
木兎乃,「どんなにかいいことでしょう」,「どんなにかいいことでしょう」,images/00004.webp,"rgb(156, 39, 176)"
木兎乃,「私はこの苦界に生まれ落ち、息をしている」,「私はこの苦界に生まれ落ち、息をしている」,images/00004.webp,"rgb(156, 39, 176)"
木兎乃,「あなたが今触れたとおりの、人間ですよ」,「あなたが今触れたとおりの、人間ですよ」,images/00004.webp,"rgb(156, 39, 176)"
スズシロ,「目が覚めるようなことを言わないでくださいよ」,「目が覚めるようなことを言わないでくださいよ」,images/00002.webp,"rgb(71, 131, 132)"
スズシロ,「こんな日くらい、夢を見させて」,「こんな日くらい、夢を見させて」,images/00002.webp,"rgb(71, 131, 132)"
スズシロ,「貴方が僕の夢見る人だって」,「貴方が僕の夢見る人だって」,images/00002.webp,"rgb(71, 131, 132)"
スズシロ,「サンタクロースの正体は、まだ隠しておいて」,「サンタクロースの正体は、まだ隠しておいて」,images/00002.webp,"rgb(71, 131, 132)"
スズシロ,「出ないと、明日」,「出ないと、明日」,images/00002.webp,"rgb(71, 131, 132)"
スズシロ,「僕は笑顔で貴方に会えなくなってしまうかも」,「僕は笑顔で貴方に会えなくなってしまうかも」,images/00002.webp,"rgb(71, 131, 132)"
GM,■サイクル1　スズシロ,■サイクル1　スズシロ,,"rgb(136, 136, 136)"
GM,行動はいかがされますか？,行動はいかがされますか？,,"rgb(136, 136, 136)"
スズシロ,築久地 木兎乃に戦闘を仕掛けます。,築久地 木兎乃に戦闘を仕掛けます。,images/00002.webp,"rgb(71, 131, 132)"
GM,了解しました。,了解しました。,,"rgb(136, 136, 136)"
GM,では、戦闘シーン。メインフェイズの戦闘のラウンド数は参加者の人数と等しくなります。,では、戦闘シーン。メインフェイズの戦闘のラウンド数は参加者の人数と等しくなります。,,"rgb(136, 136, 136)"
GM,ので、今回は2R。それまでに決着がつかない場合は勝者なしとなります。どちらかが自主的に脱落することは可能です。,ので、今回は2R。それまでに決着がつかない場合は勝者なしとなります。どちらかが自主的に脱落することは可能です。,,"rgb(136, 136, 136)"
GM,では、戦闘に入っていきます。,では、戦闘に入っていきます。,,"rgb(136, 136, 136)"
GM,背景画像の外のエリアで右クリックするとダイスシンボルというのがありますので、それでダイスを一つ出してください。,背景画像の外のエリアで右クリックするとダイスシンボルというのがありますので、それでダイスを一つ出してください。,,"rgb(136, 136, 136)"
GM,プロットを宣言するのに使用します。,プロットを宣言するのに使用します。,,"rgb(136, 136, 136)"
GM,出したダイスを右クリで隠すを選択して、その状態でプロットを選びます。,出したダイスを右クリで隠すを選択して、その状態でプロットを選びます。,,"rgb(136, 136, 136)"
GM,隠してあるダイスはGMにも見えないので、念のためディスコードでGMに決めたプロットを宣言してください。,隠してあるダイスはGMにも見えないので、念のためディスコードでGMに決めたプロットを宣言してください。,,"rgb(136, 136, 136)"
GM,【ラウンド1】,【ラウンド1】,,"rgb(136, 136, 136)"
スズシロ,プロットOK。,プロットOK。,images/00002.webp,"rgb(71, 131, 132)"
木兎乃,プロットOKです。,プロットOKです。,images/00004.webp,"rgb(156, 39, 176)"
GM,では、プロットの開示をお願いします。,では、プロットの開示をお願いします。,,"rgb(136, 136, 136)"
System,[ 木兎乃 ] がダイスシンボルを公開。出目は 3 です。,[ 木兎乃 ] がダイスシンボルを公開。出目は 3 です。,,
System,[ スズシロ ] がダイスシンボルを公開。出目は 4 です。,[ スズシロ ] がダイスシンボルを公開。出目は 4 です。,,
GM,プロット4：スズシロ　プロット3：木兎乃,プロット4：スズシロ　プロット3：木兎乃,,"rgb(136, 136, 136)"
GM,■プロット4,■プロット4,,"rgb(136, 136, 136)"
GM,スズシロさんから行動をどうぞ。,スズシロさんから行動をどうぞ。,,"rgb(136, 136, 136)"
スズシロ,奥義を使用します。,奥義を使用します。,images/00002.webp,"rgb(71, 131, 132)"
GM,了解しました。,了解しました。,,"rgb(136, 136, 136)"
GM,奥義情報を公開してください。キャラシートの奥義欄から奥義情報を出力すると出てきます。,奥義情報を公開してください。キャラシートの奥義欄から奥義情報を出力すると出てきます。,,"rgb(136, 136, 136)"
スズシロ,"■奥義
《虚ろなる空、蔓延る神》
指定特技：遊芸
効果　　：範囲攻撃/くらまし/滅び/射程低下/人数限定","■奥義
《虚ろなる空、蔓延る神》
指定特技：遊芸
効果　　：範囲攻撃/くらまし/滅び/射程低下/人数限定",images/00002.webp,"rgb(71, 131, 132)"
GM,木兎乃は何もなければ2点のダメージを任意の部位に受けて、脱落となります。,木兎乃は何もなければ2点のダメージを任意の部位に受けて、脱落となります。,,"rgb(136, 136, 136)"
木兎乃,できることは何もないので、そのまま受けます。,できることは何もないので、そのまま受けます。,images/00004.webp,"rgb(156, 39, 176)"
GM,はい。では任意の部位にダメージを受けてください。,はい。では任意の部位にダメージを受けてください。,,"rgb(136, 136, 136)"
System,[ 木兎乃 ] 体術 : 1 → 0,[ 木兎乃 ] 体術 : 1 → 0,,
System,[ 木兎乃 ] 戦術 : 1 → 0,[ 木兎乃 ] 戦術 : 1 → 0,,
GM,木兎乃は脱落。勝者はスズシロ。,木兎乃は脱落。勝者はスズシロ。,,"rgb(136, 136, 136)"
GM,一旦RPしていただこうかな……！,一旦RPしていただこうかな……！,,"rgb(136, 136, 136)"
GM,そのあと戦果を宣言していただく感じでお願いします！,そのあと戦果を宣言していただく感じでお願いします！,,"rgb(136, 136, 136)"
スズシロ,『先生』ではなく、『木兎乃』さんとの小さなクリスマスパーティを終えて。,『先生』ではなく、『木兎乃』さんとの小さなクリスマスパーティを終えて。,images/00002.webp,"rgb(71, 131, 132)"
スズシロ,病室の近くにある、空き部屋に入る。,病室の近くにある、空き部屋に入る。,images/00002.webp,"rgb(71, 131, 132)"
スズシロ,そこには、菘清白の描いた絵が数枚存在している。,そこには、菘清白の描いた絵が数枚存在している。,images/00002.webp,"rgb(71, 131, 132)"
スズシロ,「バラしちゃったなあ」,「バラしちゃったなあ」,images/00002.webp,"rgb(71, 131, 132)"
スズシロ,特に焦る様子も見せずに一人呟き。,特に焦る様子も見せずに一人呟き。,images/00002.webp,"rgb(71, 131, 132)"
スズシロ,赤が目立つ絵を一枚手に持って。,赤が目立つ絵を一枚手に持って。,images/00009.webp,"rgb(71, 131, 132)"
スズシロ,その中央に触れる。,その中央に触れる。,images/00009.webp,"rgb(71, 131, 132)"
スズシロ,小さなキャンバスの『向こう側』から。,小さなキャンバスの『向こう側』から。,images/00009.webp,"rgb(71, 131, 132)"
スズシロ,すっかり錆びついた鮮血の色をした『なにか』が溢れ。,すっかり錆びついた鮮血の色をした『なにか』が溢れ。,images/00009.webp,"rgb(71, 131, 132)"
スズシロ,こちらにやってくる。,こちらにやってくる。,images/00009.webp,"rgb(71, 131, 132)"
スズシロ,「此れは『虚ろなる空』」,「此れは『虚ろなる空』」,images/00009.webp,"rgb(71, 131, 132)"
スズシロ,「あるいは『蔓延る神』」,「あるいは『蔓延る神』」,images/00009.webp,"rgb(71, 131, 132)"
スズシロ,溢れ出した『なにか』は見えない霧となり、部屋を抜け出し。,溢れ出した『なにか』は見えない霧となり、部屋を抜け出し。,images/00001.webp,"rgb(71, 131, 132)"
スズシロ,目標の元へたどり着き。,目標の元へたどり着き。,images/00001.webp,"rgb(71, 131, 132)"
スズシロ,その体を呪いで蝕んだ。,その体を呪いで蝕んだ。,images/00001.webp,"rgb(71, 131, 132)"
木兎乃,『なにか』が来ていると、,『なにか』が来ていると、,images/00003.webp,"rgb(156, 39, 176)"
木兎乃,気づいたころには、もう遅い。,気づいたころには、もう遅い。,images/00003.webp,"rgb(156, 39, 176)"
木兎乃,「……ぐ」,「……ぐ」,images/00003.webp,"rgb(156, 39, 176)"
木兎乃,捉えられない霧に吞み込まれる。,捉えられない霧に吞み込まれる。,images/00003.webp,"rgb(156, 39, 176)"
スズシロ,それは貴方の身体を傷つけることはないが。,それは貴方の身体を傷つけることはないが。,images/00001.webp,"rgb(71, 131, 132)"
スズシロ,心に爪を立てるように狂わせる。,心に爪を立てるように狂わせる。,images/00001.webp,"rgb(71, 131, 132)"
スズシロ,悍ましい欲が柔い部分にへばりつく。,悍ましい欲が柔い部分にへばりつく。,images/00001.webp,"rgb(71, 131, 132)"
スズシロ,羨望、情欲、親しみ、そして嫉妬。,羨望、情欲、親しみ、そして嫉妬。,images/00001.webp,"rgb(71, 131, 132)"
スズシロ,貴方の心の皮を剥いで、むき出しにしようと、刃を当てる。 [編集済],"貴方の心の皮を剥いで、むき出しにしようと、刃を当てる。<span style=""color: rgb(117, 117, 117);"">&nbsp;[編集済]</span>",images/00001.webp,"rgb(71, 131, 132)"
木兎乃,鎮めようと、波を立てぬようにと努めてきた心に、忍び込まれる。,鎮めようと、波を立てぬようにと努めてきた心に、忍び込まれる。,images/00003.webp,"rgb(156, 39, 176)"
木兎乃,誰かへ期待を向けることなど無駄だと、そう言い聞かせてきた。,誰かへ期待を向けることなど無駄だと、そう言い聞かせてきた。,images/00003.webp,"rgb(156, 39, 176)"
木兎乃,そうして追いやったものを、眼前に曝け出されるようで。 [編集済],"そうして追いやったものを、眼前に曝け出されるようで。<span style=""color: rgb(117, 117, 117);"">&nbsp;[編集済]</span>",images/00003.webp,"rgb(156, 39, 176)"
木兎乃,疼くものを抱えたまま、苦し気に溜息を吐いた。,疼くものを抱えたまま、苦し気に溜息を吐いた。,images/00003.webp,"rgb(156, 39, 176)"
スズシロ,戦果は、相手のプライズをいただきます。,戦果は、相手のプライズをいただきます。,images/00001.webp,"rgb(71, 131, 132)"
GM,了解です。プライズの所有者は木兎乃からスズシロに。,了解です。プライズの所有者は木兎乃からスズシロに。,,"rgb(136, 136, 136)"
GM,プライズの秘密も同時に渡ります。この場で公開しますね。,プライズの秘密も同時に渡ります。この場で公開しますね。,,"rgb(136, 136, 136)"
GM,"【秘密：プライズ】
このプライズの真の名称は『罪』である。下記文中の「あなた」はその時点でのこのプライズの持ち主を指す。
このプライズを手に入れたタイミング（配布時を含む）が訪れるたび、持ち主は下の「」内の文章中の、任意の一つの［　］の中を消して好きに書き換えてよい。この時、書き換えた［　］についている番号を消去すること。番号の消えた［　］内は以降上書きされない。

「あなたは(1)［3日前］、(2)［あなたの所在を突き止めた追手が迫っている事を知り、あなたの情報を知る者を消す］ために、この病院の人々を全て殺した。あなたは(3)［慣れた手際で、人形のように首を落として］彼らを殺した。
目の前の相手だけは殺さなかった。(4)［境遇を自分と重ねて情が移りすぎてしまっていた］からだ。記憶の混乱の治療にはもっと時間を掛けたかったが、今日までが限界だった。あなたは[自分ともども全てを闇に葬り去るため、自分と相手に致死の毒を仕込んだ。明日には二人とも死ぬだろう]。
　これこそが、これだけが、(6)［　真実　］である。」","【秘密：プライズ】
このプライズの真の名称は『罪』である。下記文中の「あなた」はその時点でのこのプライズの持ち主を指す。
このプライズを手に入れたタイミング（配布時を含む）が訪れるたび、持ち主は下の「」内の文章中の、任意の一つの［　］の中を消して好きに書き換えてよい。この時、書き換えた［　］についている番号を消去すること。番号の消えた［　］内は以降上書きされない。

「あなたは(1)［3日前］、(2)［あなたの所在を突き止めた追手が迫っている事を知り、あなたの情報を知る者を消す］ために、この病院の人々を全て殺した。あなたは(3)［慣れた手際で、人形のように首を落として］彼らを殺した。
目の前の相手だけは殺さなかった。(4)［境遇を自分と重ねて情が移りすぎてしまっていた］からだ。記憶の混乱の治療にはもっと時間を掛けたかったが、今日までが限界だった。あなたは[自分ともども全てを闇に葬り去るため、自分と相手に致死の毒を仕込んだ。明日には二人とも死ぬだろう]。
　これこそが、これだけが、(6)［　真実　］である。」",,"rgb(136, 136, 136)"
GM,以上です。,以上です。,,"rgb(136, 136, 136)"
GM,■メインフェイズサイクル2　スズシロ,■メインフェイズサイクル2　スズシロ,,"rgb(136, 136, 136)"
GM,行動はどうされますか？,行動はどうされますか？,,"rgb(136, 136, 136)"
スズシロ,築久地 木兎乃に戦闘を仕掛けます。,築久地 木兎乃に戦闘を仕掛けます。,images/00001.webp,"rgb(71, 131, 132)"
GM,了解しました。,了解しました。,,"rgb(136, 136, 136)"
GM,戦闘を開始します。制限は2ラウンド。,戦闘を開始します。制限は2ラウンド。,,"rgb(136, 136, 136)"
GM,■ラウンド1 [編集済],"■ラウンド1<span style=""color: rgb(117, 117, 117);"">&nbsp;[編集済]</span>",,"rgb(136, 136, 136)"
GM,プロットをお願いします。,プロットをお願いします。,,"rgb(136, 136, 136)"
スズシロ,プロットOK。,プロットOK。,images/00001.webp,"rgb(71, 131, 132)"
木兎乃,プロットOKです。,プロットOKです。,images/00003.webp,"rgb(156, 39, 176)"
GM,では、プロットの開示をお願いします！,では、プロットの開示をお願いします！,,"rgb(136, 136, 136)"
System,[ スズシロ ] がダイスシンボルを公開。出目は 4 です。,[ スズシロ ] がダイスシンボルを公開。出目は 4 です。,,
System,[ 木兎乃 ] がダイスシンボルを公開。出目は 1 です。,[ 木兎乃 ] がダイスシンボルを公開。出目は 1 です。,,
GM,プロット4：スズシロ　プロット1：木兎乃,プロット4：スズシロ　プロット1：木兎乃,,"rgb(136, 136, 136)"
GM,■プロット4,■プロット4,,"rgb(136, 136, 136)"
GM,行動の宣言をどうぞ！,行動の宣言をどうぞ！,,"rgb(136, 136, 136)"
スズシロ,神槍を使用します。,神槍を使用します。,images/00001.webp,"rgb(71, 131, 132)"
GM,了解です。判定をどうぞ。,了解です。判定をどうぞ。,,"rgb(136, 136, 136)"
スズシロ,"2D6>=5 （判定：手裏剣術） (2D6>=5) ＞ 6[1,5] ＞ 6 ＞ 成功","2D6&gt;=5 （判定：手裏剣術）<span style=""color: rgb(33, 150, 243);"">&nbsp;(2D6&gt;=5) ＞ 6[1,5] ＞ 6 ＞ 成功</span>",images/00001.webp,"rgb(71, 131, 132)"
GM,成功！,成功！,,"rgb(136, 136, 136)"
GM,木兎乃は回避判定をどうぞ。手裏剣術です。,木兎乃は回避判定をどうぞ。手裏剣術です。,,"rgb(136, 136, 136)"
木兎乃,"2D6>=8 （判定：針術） (2D6>=8) ＞ 8[2,6] ＞ 8 ＞ 成功","2D6&gt;=8 （判定：針術）<span style=""color: rgb(33, 150, 243);"">&nbsp;(2D6&gt;=8) ＞ 8[2,6] ＞ 8 ＞ 成功</span>",images/00003.webp,"rgb(156, 39, 176)"
GM,ぴったり成功！,ぴったり成功！,,"rgb(136, 136, 136)"
GM,■プロット1,■プロット1,,"rgb(136, 136, 136)"
GM,行動の宣言をお願いします。,行動の宣言をお願いします。,,"rgb(136, 136, 136)"
木兎乃,兵糧丸を使用します。,兵糧丸を使用します。,images/00003.webp,"rgb(156, 39, 176)"
GM,了解しました。好きな部位を一つ回復してください。,了解しました。好きな部位を一つ回復してください。,,"rgb(136, 136, 136)"
System,[ 木兎乃 ] 体術 : 0 → 1,[ 木兎乃 ] 体術 : 0 → 1,,
木兎乃,手番行動はパスします。,手番行動はパスします。,images/00003.webp,"rgb(156, 39, 176)"
GM,了解しました。,了解しました。,,"rgb(136, 136, 136)"
System,[ 木兎乃 ] 忍具 : 2 → 1,[ 木兎乃 ] 忍具 : 2 → 1,,
GM,■ラウンド2,■ラウンド2,,"rgb(136, 136, 136)"
GM,プロットをお願いします。,プロットをお願いします。,,"rgb(136, 136, 136)"
スズシロ,プロットOK。,プロットOK。,images/00001.webp,"rgb(71, 131, 132)"
木兎乃,プロットOK。,プロットOK。,images/00003.webp,"rgb(156, 39, 176)"
GM,プロットの開示をお願いします。,プロットの開示をお願いします。,,"rgb(136, 136, 136)"
System,[ スズシロ ] がダイスシンボルを公開。出目は 4 です。,[ スズシロ ] がダイスシンボルを公開。出目は 4 です。,,
System,[ 木兎乃 ] がダイスシンボルを公開。出目は 5 です。,[ 木兎乃 ] がダイスシンボルを公開。出目は 5 です。,,
GM,"プロット5：木兎乃
プロット4：スズシロ","プロット5：木兎乃
プロット4：スズシロ",,"rgb(136, 136, 136)"
GM,■プロット5,■プロット5,,"rgb(136, 136, 136)"
GM,行動の宣言をどうぞ！,行動の宣言をどうぞ！,,"rgb(136, 136, 136)"
木兎乃,射撃戦攻撃を使用します。,射撃戦攻撃を使用します。,images/00003.webp,"rgb(156, 39, 176)"
木兎乃,すいません。変更します。接近戦攻撃にします。,すいません。変更します。接近戦攻撃にします。,images/00003.webp,"rgb(156, 39, 176)"
GM,了解しました。では毒術で判定をお願いします。,了解しました。では毒術で判定をお願いします。,,"rgb(136, 136, 136)"
木兎乃,xxx [編集済],"xxx<span style=""color: rgb(117, 117, 117);"">&nbsp;[編集済]</span>",images/00003.webp,"rgb(156, 39, 176)"
木兎乃,"SG#5>=5 （判定：毒術） (SG@12#5>=5) ＞ 10[5,5] ＞ 10 ＞ 成功","SG#5&gt;=5 （判定：毒術）<span style=""color: rgb(33, 150, 243);"">&nbsp;(SG@12#5&gt;=5) ＞ 10[5,5] ＞ 10 ＞ 成功</span>",images/00003.webp,"rgb(156, 39, 176)"
GM,高い！成功ですね。,高い！成功ですね。,,"rgb(136, 136, 136)"
GM,スズシロは毒術で回避判定をどうぞ。,スズシロは毒術で回避判定をどうぞ。,,"rgb(136, 136, 136)"
スズシロ,"2D6>=8 （判定：兵糧術） (2D6>=8) ＞ 10[4,6] ＞ 10 ＞ 成功","2D6&gt;=8 （判定：兵糧術）<span style=""color: rgb(33, 150, 243);"">&nbsp;(2D6&gt;=8) ＞ 10[4,6] ＞ 10 ＞ 成功</span>",images/00001.webp,"rgb(71, 131, 132)"
GM,高い高いバトル。回避成功です。,高い高いバトル。回避成功です。,,"rgb(136, 136, 136)"
GM,■プロット4,■プロット4,,"rgb(136, 136, 136)"
スズシロ,春雷を使用します。,春雷を使用します。,images/00001.webp,"rgb(71, 131, 132)"
GM,了解です。,了解です。,,"rgb(136, 136, 136)"
GM,骨法術で判定したあと、好きな特技でもう一度判定をどうぞ。 [編集済],"骨法術で判定したあと、好きな特技でもう一度判定をどうぞ。<span style=""color: rgb(117, 117, 117);"">&nbsp;[編集済]</span>",,"rgb(136, 136, 136)"
スズシロ,"2D6>=5 （判定：骨法術） (2D6>=5) ＞ 7[1,6] ＞ 7 ＞ 成功","2D6&gt;=5 （判定：骨法術）<span style=""color: rgb(33, 150, 243);"">&nbsp;(2D6&gt;=5) ＞ 7[1,6] ＞ 7 ＞ 成功</span>",images/00001.webp,"rgb(71, 131, 132)"
スズシロ,"2D6>=5 （判定：呪術） (2D6>=5) ＞ 5[1,4] ＞ 5 ＞ 成功","2D6&gt;=5 （判定：呪術）<span style=""color: rgb(33, 150, 243);"">&nbsp;(2D6&gt;=5) ＞ 5[1,4] ＞ 5 ＞ 成功</span>",images/00001.webp,"rgb(71, 131, 132)"
GM,成功ですね。回避はどちらで行わせますか？,成功ですね。回避はどちらで行わせますか？,,"rgb(136, 136, 136)"
スズシロ,呪術で行わせます。,呪術で行わせます。,images/00001.webp,"rgb(71, 131, 132)"
GM,了解です。木兎乃は呪術で回避判定をどうぞ。,了解です。木兎乃は呪術で回避判定をどうぞ。,,"rgb(136, 136, 136)"
木兎乃,"2D6>=9 （判定：流言の術） (2D6>=9) ＞ 5[2,3] ＞ 5 ＞ 失敗","2D6&gt;=9 （判定：流言の術）<span style=""color: rgb(220, 0, 78);"">&nbsp;(2D6&gt;=9) ＞ 5[2,3] ＞ 5 ＞ 失敗</span>",images/00003.webp,"rgb(156, 39, 176)"
GM,回避に失敗。木兎乃は接近戦ダメージ2点と、後の先の射撃戦ダメージ1点を受けます。,回避に失敗。木兎乃は接近戦ダメージ2点と、後の先の射撃戦ダメージ1点を受けます。,,"rgb(136, 136, 136)"
GM,スズシロはRCTを2回振ってください。,スズシロはRCTを2回振ってください。,,"rgb(136, 136, 136)"
木兎乃,RCT ランダム分野表(3) ＞ 忍術,"RCT<span style=""color: rgba(255, 255, 255, 0.7);"">&nbsp;ランダム分野表(3) ＞ 忍術</span>",images/00003.webp,"rgb(156, 39, 176)"
木兎乃,RCT ランダム分野表(5) ＞ 戦術,"RCT<span style=""color: rgba(255, 255, 255, 0.7);"">&nbsp;ランダム分野表(5) ＞ 戦術</span>",images/00003.webp,"rgb(156, 39, 176)"
GM,あっ　RCTは攻撃した方ですね！,あっ　RCTは攻撃した方ですね！,,"rgb(136, 136, 136)"
木兎乃,あ！,あ！,images/00003.webp,"rgb(156, 39, 176)"
GM,スズシロさんから改めてお願いします！,スズシロさんから改めてお願いします！,,"rgb(136, 136, 136)"
スズシロ,はーいっ,はーいっ,images/00001.webp,"rgb(71, 131, 132)"
スズシロ,RCT ランダム分野表(4) ＞ 謀術,"RCT<span style=""color: rgba(255, 255, 255, 0.7);"">&nbsp;ランダム分野表(4) ＞ 謀術</span>",images/00001.webp,"rgb(71, 131, 132)"
スズシロ,RCT ランダム分野表(1) ＞ 器術,"RCT<span style=""color: rgba(255, 255, 255, 0.7);"">&nbsp;ランダム分野表(1) ＞ 器術</span>",images/00001.webp,"rgb(71, 131, 132)"
System,[ 木兎乃 ] 器術 : 1 → 0,[ 木兎乃 ] 器術 : 1 → 0,,
System,[ 木兎乃 ] 謀術 : 1 → 0,[ 木兎乃 ] 謀術 : 1 → 0,,
GM,あとは木兎乃の任意の分野を1つ減らしてください。,あとは木兎乃の任意の分野を1つ減らしてください。,,"rgb(136, 136, 136)"
System,[ 木兎乃 ] 体術 : 1 → 0,[ 木兎乃 ] 体術 : 1 → 0,,
GM,では、これで木兎乃は脱落。勝者はスズシロ。,では、これで木兎乃は脱落。勝者はスズシロ。,,"rgb(136, 136, 136)"
GM,戦果の宣言はRP後にされますか？,戦果の宣言はRP後にされますか？,,"rgb(136, 136, 136)"
スズシロ,はい。,はい。,images/00001.webp,"rgb(71, 131, 132)"
GM,では、RPをどうぞ。,では、RPをどうぞ。,,"rgb(136, 136, 136)"
スズシロ,貴方が捉えられない霧に苦しみ、衰弱しているところに。,貴方が捉えられない霧に苦しみ、衰弱しているところに。,images/00001.webp,"rgb(71, 131, 132)"
スズシロ,ノックの音。,ノックの音。,images/00001.webp,"rgb(71, 131, 132)"
スズシロ,「まだ起きてますか？」,「まだ起きてますか？」,images/00001.webp,"rgb(71, 131, 132)"
スズシロ,扉は開かれず、声だけが向こう側から響く。,扉は開かれず、声だけが向こう側から響く。,images/00001.webp,"rgb(71, 131, 132)"
木兎乃,「っ……」,「っ……」,images/00010.webp,"rgb(156, 39, 176)"
木兎乃,素知らぬような声に、かすかな苛立ちを覚える。,素知らぬような声に、かすかな苛立ちを覚える。,images/00010.webp,"rgb(156, 39, 176)"
木兎乃,けれど、平静に、心を揺らさぬように、相手に悟られないように。,けれど、平静に、心を揺らさぬように、相手に悟られないように。,images/00010.webp,"rgb(156, 39, 176)"
木兎乃,ひとつ、瞬きをして。,ひとつ、瞬きをして。,images/00005.webp,"rgb(156, 39, 176)"
木兎乃,「……起きています」,「……起きています」,images/00004.webp,"rgb(156, 39, 176)"
木兎乃,いつも通り、穏やかな声で返事をする。,いつも通り、穏やかな声で返事をする。,images/00004.webp,"rgb(156, 39, 176)"
木兎乃,音もなく、左手にいつもの杖を通した。,音もなく、左手にいつもの杖を通した。,images/00004.webp,"rgb(156, 39, 176)"
木兎乃,「どうしました？　何かご用事でも……？」,「どうしました？　何かご用事でも……？」,images/00004.webp,"rgb(156, 39, 176)"
スズシロ,「ああ、返事をいただけた」,「ああ、返事をいただけた」,images/00001.webp,"rgb(71, 131, 132)"
スズシロ,「よかったです」,「よかったです」,images/00001.webp,"rgb(71, 131, 132)"
スズシロ,ぎ、と扉が開かれて。,ぎ、と扉が開かれて。,images/00001.webp,"rgb(71, 131, 132)"
スズシロ,隠しもしない『黒』が貴方の元へ飛ぶ。,隠しもしない『黒』が貴方の元へ飛ぶ。,images/00011.webp,"rgb(71, 131, 132)"
木兎乃,左手を振りかぶる。,左手を振りかぶる。,images/00012.webp,"rgb(156, 39, 176)"
スズシロ,向かってくる黒いそれは容易く消し飛ばせる。,向かってくる黒いそれは容易く消し飛ばせる。,images/00011.webp,"rgb(71, 131, 132)"
木兎乃,杖がそれを打ち据えて、木兎乃には塵一つかからない。,杖がそれを打ち据えて、木兎乃には塵一つかからない。,images/00003.webp,"rgb(156, 39, 176)"
スズシロ,辺りに黒が散って。,辺りに黒が散って。,images/00013.webp,"rgb(71, 131, 132)"
スズシロ,黒地の布を縫うように、男が貴方の元へ。,黒地の布を縫うように、男が貴方の元へ。,images/00013.webp,"rgb(71, 131, 132)"
スズシロ,接近。,接近。,images/00013.webp,"rgb(71, 131, 132)"
スズシロ,「まだまだ元気みたいですね」,「まだまだ元気みたいですね」,images/00014.webp,"rgb(71, 131, 132)"
木兎乃,咄嗟に、杖で身を庇っていた。,咄嗟に、杖で身を庇っていた。,images/00003.webp,"rgb(156, 39, 176)"
木兎乃,男との間に、一本の線を引くごとく。,男との間に、一本の線を引くごとく。,images/00003.webp,"rgb(156, 39, 176)"
スズシロ,「悲しいな、すっかり信用されてない」,「悲しいな、すっかり信用されてない」,images/00014.webp,"rgb(71, 131, 132)"
スズシロ,そこに線など見えません、と言うように。,そこに線など見えません、と言うように。,images/00014.webp,"rgb(71, 131, 132)"
スズシロ,至近。,至近。,images/00014.webp,"rgb(71, 131, 132)"
スズシロ,一歩進み。,一歩進み。,images/00014.webp,"rgb(71, 131, 132)"
スズシロ,見下すように、上から声をかける。,見下すように、上から声をかける。,images/00014.webp,"rgb(71, 131, 132)"
スズシロ,「顔色が悪いように見えますよ」,「顔色が悪いように見えますよ」,images/00014.webp,"rgb(71, 131, 132)"
木兎乃,どの口が。,どの口が。,images/00003.webp,"rgb(156, 39, 176)"
木兎乃,浮かんだその言葉を、胃の腑に飲み下して。,浮かんだその言葉を、胃の腑に飲み下して。,images/00003.webp,"rgb(156, 39, 176)"
木兎乃,「どうにも、こんな日は」,「どうにも、こんな日は」,images/00004.webp,"rgb(156, 39, 176)"
木兎乃,「柄でもない気分に浸ってしまう」,「柄でもない気分に浸ってしまう」,images/00004.webp,"rgb(156, 39, 176)"
木兎乃,「そうでしょう？」,「そうでしょう？」,images/00004.webp,"rgb(156, 39, 176)"
スズシロ,「貴方はそうみたい」,「貴方はそうみたい」,images/00014.webp,"rgb(71, 131, 132)"
スズシロ,「僕はどうかな」,「僕はどうかな」,images/00014.webp,"rgb(71, 131, 132)"
スズシロ,貴方の肩に手が伸びる。,貴方の肩に手が伸びる。,images/00014.webp,"rgb(71, 131, 132)"
木兎乃,反射で引きかけた身体を止めてしまったのは、,反射で引きかけた身体を止めてしまったのは、,images/00003.webp,"rgb(156, 39, 176)"
木兎乃,余裕を失くしたが故の、虚勢だったかもしれない。,余裕を失くしたが故の、虚勢だったかもしれない。,images/00003.webp,"rgb(156, 39, 176)"
スズシロ,大きな手が触れる。,大きな手が触れる。,images/00014.webp,"rgb(71, 131, 132)"
スズシロ,そこから滲み出るように。,そこから滲み出るように。,images/00014.webp,"rgb(71, 131, 132)"
スズシロ,不快感と重み。,不快感と重み。,images/00015.webp,"rgb(71, 131, 132)"
スズシロ,「ケーキは美味しかったですね」,「ケーキは美味しかったですね」,images/00015.webp,"rgb(71, 131, 132)"
スズシロ,逃さないように指が食い込む。,逃さないように指が食い込む。,images/00015.webp,"rgb(71, 131, 132)"
木兎乃,眉根が寄る、息が詰まる。,眉根が寄る、息が詰まる。,images/00003.webp,"rgb(156, 39, 176)"
木兎乃,「……ええ」,「……ええ」,images/00003.webp,"rgb(156, 39, 176)"
木兎乃,「大した代物じゃなかったとしても」 [編集済],"「大した代物じゃなかったとしても」<span style=""color: rgb(117, 117, 117);"">&nbsp;[編集済]</span>",images/00003.webp,"rgb(156, 39, 176)"
木兎乃,「特別な意味の籠ったものは、また、一段と」,「特別な意味の籠ったものは、また、一段と」,images/00003.webp,"rgb(156, 39, 176)"
スズシロ,「二人だけの意味を込めたものですものね」,「二人だけの意味を込めたものですものね」,images/00015.webp,"rgb(71, 131, 132)"
スズシロ,「どんなケーキよりも尊いものだ」,「どんなケーキよりも尊いものだ」,images/00015.webp,"rgb(71, 131, 132)"
スズシロ,「他でもない貴方が用意してくれたことに、僕はとてもうれしくて」,「他でもない貴方が用意してくれたことに、僕はとてもうれしくて」,images/00015.webp,"rgb(71, 131, 132)"
スズシロ,「こうやってプレゼントを渡しに来ました」,「こうやってプレゼントを渡しに来ました」,images/00015.webp,"rgb(71, 131, 132)"
木兎乃,「何を……」,「何を……」,images/00003.webp,"rgb(156, 39, 176)"
木兎乃,声は今や、呻くようなものに。,声は今や、呻くようなものに。,images/00003.webp,"rgb(156, 39, 176)"
スズシロ,「とびきりの」,「とびきりの」,images/00015.webp,"rgb(71, 131, 132)"
スズシロ,「呪いを。」,「呪いを。」,images/00015.webp,"rgb(71, 131, 132)"
スズシロ,戦果について、プライズをPC2に渡します。,戦果について、プライズをPC2に渡します。,images/00015.webp,"rgb(71, 131, 132)"
GM,かしこまりました。,かしこまりました。,,"rgb(136, 136, 136)"
GM,プライズの所有者が木兎乃に移ります。,プライズの所有者が木兎乃に移ります。,,"rgb(136, 136, 136)"
GM,秘密を公開しましょう。,秘密を公開しましょう。,,"rgb(136, 136, 136)"
GM,"「あなたは(1)［3日前］、(2)［あなたの所在を突き止めた追手が迫っている事を知り、あなたの情報を知る者を消す］ために、この病院の人々を全て殺した。あなたは(3)［慣れた手際で、人形のように首を落として］彼らを殺した。
目の前の相手だけは殺さなかった。［相手を理想化し、羨み、嫉妬した果てに手に入れようと思った］からだ。記憶の混乱の治療にはもっと時間を掛けたかったが、今日までが限界だった。あなたは[自分ともども全てを闇に葬り去るため、自分と相手に致死の毒を仕込んだ。明日には二人とも死ぬだろう]。
　これこそが、これだけが、(6)［　真実　］である。」","「あなたは(1)［3日前］、(2)［あなたの所在を突き止めた追手が迫っている事を知り、あなたの情報を知る者を消す］ために、この病院の人々を全て殺した。あなたは(3)［慣れた手際で、人形のように首を落として］彼らを殺した。
目の前の相手だけは殺さなかった。［相手を理想化し、羨み、嫉妬した果てに手に入れようと思った］からだ。記憶の混乱の治療にはもっと時間を掛けたかったが、今日までが限界だった。あなたは[自分ともども全てを闇に葬り去るため、自分と相手に致死の毒を仕込んだ。明日には二人とも死ぬだろう]。
　これこそが、これだけが、(6)［　真実　］である。」",,"rgb(136, 136, 136)"
GM,4の箇所が書き換えられています。,4の箇所が書き換えられています。,,"rgb(136, 136, 136)"
GM,以上です。,以上です。,,"rgb(136, 136, 136)"
木兎乃,呪いが、,呪いが、,images/00003.webp,"rgb(156, 39, 176)"
木兎乃,心をじりじりと焦がす。,心をじりじりと焦がす。,images/00003.webp,"rgb(156, 39, 176)"
木兎乃,この心は誰のものだろう。,この心は誰のものだろう。,images/00003.webp,"rgb(156, 39, 176)"
木兎乃,この記憶は誰の記憶だったっけ？,この記憶は誰の記憶だったっけ？,images/00003.webp,"rgb(156, 39, 176)"
木兎乃,いや、いや、これこそが、,いや、いや、これこそが、,images/00003.webp,"rgb(156, 39, 176)"
木兎乃,真実、自分のものであると。,真実、自分のものであると。,images/00003.webp,"rgb(156, 39, 176)"
木兎乃,だから今、目の前にいる、この男が。,だから今、目の前にいる、この男が。,images/00003.webp,"rgb(156, 39, 176)"
木兎乃,どうしようもなくそう在りたいかたちに見えて、どうしようもなく妬ましくて、どうしようもなく欲しくなるのも。,どうしようもなくそう在りたいかたちに見えて、どうしようもなく妬ましくて、どうしようもなく欲しくなるのも。,images/00003.webp,"rgb(156, 39, 176)"
木兎乃,おのれの、心だ。,おのれの、心だ。,images/00003.webp,"rgb(156, 39, 176)"
GM,■メインフェイズサイクル2　木兎乃,■メインフェイズサイクル2　木兎乃,,"rgb(136, 136, 136)"
GM,手番はどうなさいますか？,手番はどうなさいますか？,,"rgb(136, 136, 136)"
木兎乃,スズシロに戦闘を仕掛けます。,スズシロに戦闘を仕掛けます。,images/00003.webp,"rgb(156, 39, 176)"
GM,了解しました。,了解しました。,,"rgb(136, 136, 136)"
GM,戦闘を開始します。制限は2ラウンドです。,戦闘を開始します。制限は2ラウンドです。,,"rgb(136, 136, 136)"
GM,■ラウンド1,■ラウンド1,,"rgb(136, 136, 136)"
GM,プロットをお願いします。,プロットをお願いします。,,"rgb(136, 136, 136)"
スズシロ,プロットOK。,プロットOK。,images/00015.webp,"rgb(71, 131, 132)"
木兎乃,プロットOK。,プロットOK。,images/00003.webp,"rgb(156, 39, 176)"
GM,プロットの開示をお願いします。,プロットの開示をお願いします。,,"rgb(136, 136, 136)"
System,[ てとり ] がダイスシンボルを公開。出目は 4 です。,[ てとり ] がダイスシンボルを公開。出目は 4 です。,,
System,[ 木兎乃 ] がダイスシンボルを公開。出目は 4 です。,[ 木兎乃 ] がダイスシンボルを公開。出目は 4 です。,,
GM,プロット4：スズシロ、木兎乃,プロット4：スズシロ、木兎乃,,"rgb(136, 136, 136)"
GM,■プロット4,■プロット4,,"rgb(136, 136, 136)"
GM,二人とも同プロットにいるので、同時行動となります。,二人とも同プロットにいるので、同時行動となります。,,"rgb(136, 136, 136)"
GM,同時攻撃については67Pです。生命点の喪失や逆凪の処理はラウンド終了時にまとめて行われます。,同時攻撃については67Pです。生命点の喪失や逆凪の処理はラウンド終了時にまとめて行われます。,,"rgb(136, 136, 136)"
GM,1d100で行動順を決めましょう。後攻の方がやや有利なので、出目の高い方が後に動いてもらいます。,1d100で行動順を決めましょう。後攻の方がやや有利なので、出目の高い方が後に動いてもらいます。,,"rgb(136, 136, 136)"
木兎乃,1D100 (1D100) ＞ 32,"1D100<span style=""color: rgba(255, 255, 255, 0.7);"">&nbsp;(1D100) ＞ 32</span>",images/00003.webp,"rgb(156, 39, 176)"
スズシロ,1D100 (1D100) ＞ 31,"1D100<span style=""color: rgba(255, 255, 255, 0.7);"">&nbsp;(1D100) ＞ 31</span>",images/00015.webp,"rgb(71, 131, 132)"
GM,仲良しだ。順番はスズシロ＞木兎乃ですね。,仲良しだ。順番はスズシロ＞木兎乃ですね。,,"rgb(136, 136, 136)"
GM,では、スズシロさんの方から手番の行動をどうぞ。,では、スズシロさんの方から手番の行動をどうぞ。,,"rgb(136, 136, 136)"
スズシロ,春雷を使用します。,春雷を使用します。,images/00015.webp,"rgb(71, 131, 132)"
GM,了解しました。判定をどうぞ！,了解しました。判定をどうぞ！,,"rgb(136, 136, 136)"
スズシロ,"2D6>=5 （判定：骨法術） (2D6>=5) ＞ 3[1,2] ＞ 3 ＞ 失敗","2D6&gt;=5 （判定：骨法術）<span style=""color: rgb(220, 0, 78);"">&nbsp;(2D6&gt;=5) ＞ 3[1,2] ＞ 3 ＞ 失敗</span>",images/00015.webp,"rgb(71, 131, 132)"
GM,逆凪ですが、適用は同時行動の終了後となります。,逆凪ですが、適用は同時行動の終了後となります。,,"rgb(136, 136, 136)"
スズシロ,神通丸を使用します。,神通丸を使用します。,images/00015.webp,"rgb(71, 131, 132)"
GM,了解です。振り直しをどうぞ。,了解です。振り直しをどうぞ。,,"rgb(136, 136, 136)"
スズシロ,"2D6>=5 （判定：骨法術） (2D6>=5) ＞ 4[1,3] ＞ 4 ＞ 失敗","2D6&gt;=5 （判定：骨法術）<span style=""color: rgb(220, 0, 78);"">&nbsp;(2D6&gt;=5) ＞ 4[1,3] ＞ 4 ＞ 失敗</span>",images/00015.webp,"rgb(71, 131, 132)"
GM,悲しい・・・・・・,悲しい・・・・・・,,"rgb(136, 136, 136)"
GM,では……失敗ですね。,では……失敗ですね。,,"rgb(136, 136, 136)"
System,[ スズシロ ] 忍具 : 2 → 1,[ スズシロ ] 忍具 : 2 → 1,,
GM,木兎乃さんの手番の行動をどうぞ。,木兎乃さんの手番の行動をどうぞ。,,"rgb(136, 136, 136)"
木兎乃,痛打を使用します。,痛打を使用します。,images/00003.webp,"rgb(156, 39, 176)"
木兎乃,判定の前に、奥義を使用します。,判定の前に、奥義を使用します。,images/00003.webp,"rgb(156, 39, 176)"
GM,了解しました。キャラシートの奥義欄から奥義情報を出力してください。,了解しました。キャラシートの奥義欄から奥義情報を出力してください。,,"rgb(136, 136, 136)"
木兎乃,"■奥義
《霞縫い》
指定特技：針術
効果　　：不死身／定め／回数制限","■奥義
《霞縫い》
指定特技：針術
効果　　：不死身／定め／回数制限",images/00003.webp,"rgb(156, 39, 176)"
GM,木兎乃は生命力を4点回復してください。,木兎乃は生命力を4点回復してください。,,"rgb(136, 136, 136)"
System,[ 木兎乃 ] 器術 : 0 → 1,[ 木兎乃 ] 器術 : 0 → 1,,
System,[ 木兎乃 ] 体術 : 0 → 1,[ 木兎乃 ] 体術 : 0 → 1,,
System,[ 木兎乃 ] 謀術 : 0 → 1,[ 木兎乃 ] 謀術 : 0 → 1,,
System,[ 木兎乃 ] 戦術 : 0 → 1,[ 木兎乃 ] 戦術 : 0 → 1,,
System,[ 木兎乃 ] 謀術 : 0 → 1,[ 木兎乃 ] 謀術 : 0 → 1,,
GM,では改めて、痛打の判定をどうぞ！,では改めて、痛打の判定をどうぞ！,,"rgb(136, 136, 136)"
木兎乃,"2D6>=5 （判定：針術） (2D6>=5) ＞ 8[4,4] ＞ 8 ＞ 成功","2D6&gt;=5 （判定：針術）<span style=""color: rgb(33, 150, 243);"">&nbsp;(2D6&gt;=5) ＞ 8[4,4] ＞ 8 ＞ 成功</span>",images/00003.webp,"rgb(156, 39, 176)"
GM,成功です。次の攻撃のダメージが1点増加します。,成功です。次の攻撃のダメージが1点増加します。,,"rgb(136, 136, 136)"
GM,続いて攻撃の方もどうぞ。,続いて攻撃の方もどうぞ。,,"rgb(136, 136, 136)"
木兎乃,接近戦攻撃を使用します。,接近戦攻撃を使用します。,images/00003.webp,"rgb(156, 39, 176)"
GM,了解しました。判定をどうぞ。,了解しました。判定をどうぞ。,,"rgb(136, 136, 136)"
木兎乃,"2D6>=5 （判定：毒術） (2D6>=5) ＞ 4[1,3] ＞ 4 ＞ 失敗","2D6&gt;=5 （判定：毒術）<span style=""color: rgb(220, 0, 78);"">&nbsp;(2D6&gt;=5) ＞ 4[1,3] ＞ 4 ＞ 失敗</span>",images/00003.webp,"rgb(156, 39, 176)"
GM,ファンブル。逆凪です。,ファンブル。逆凪です。,,"rgb(136, 136, 136)"
木兎乃,神通丸を使用します。,神通丸を使用します。,images/00003.webp,"rgb(156, 39, 176)"
GM,了解です。振り直しをどうぞ。,了解です。振り直しをどうぞ。,,"rgb(136, 136, 136)"
木兎乃,"2D6>=5 （判定：毒術） (2D6>=5) ＞ 11[5,6] ＞ 11 ＞ 成功","2D6&gt;=5 （判定：毒術）<span style=""color: rgb(33, 150, 243);"">&nbsp;(2D6&gt;=5) ＞ 11[5,6] ＞ 11 ＞ 成功</span>",images/00003.webp,"rgb(156, 39, 176)"
GM,成功！,成功！,,"rgb(136, 136, 136)"
System,[ 木兎乃 ] 忍具 : 1 → 0,[ 木兎乃 ] 忍具 : 1 → 0,,
GM,では、スズシロは毒術から回避判定をどうぞ。,では、スズシロは毒術から回避判定をどうぞ。,,"rgb(136, 136, 136)"
スズシロ,"2D6>=8 （判定：兵糧術） (2D6>=8) ＞ 4[2,2] ＞ 4 ＞ 失敗","2D6&gt;=8 （判定：兵糧術）<span style=""color: rgb(220, 0, 78);"">&nbsp;(2D6&gt;=8) ＞ 4[2,2] ＞ 4 ＞ 失敗</span>",images/00015.webp,"rgb(71, 131, 132)"
GM,失敗ですね。,失敗ですね。,,"rgb(136, 136, 136)"
GM,痛打と揺らしが乗って、接近戦ダメージが2点と射撃戦ダメージが1点ですね。,痛打と揺らしが乗って、接近戦ダメージが2点と射撃戦ダメージが1点ですね。,,"rgb(136, 136, 136)"
GM,木兎乃はRCTを2回振ってください。,木兎乃はRCTを2回振ってください。,,"rgb(136, 136, 136)"
木兎乃,RCT ランダム分野表(1) ＞ 器術,"RCT<span style=""color: rgba(255, 255, 255, 0.7);"">&nbsp;ランダム分野表(1) ＞ 器術</span>",images/00003.webp,"rgb(156, 39, 176)"
木兎乃,RCT ランダム分野表(1) ＞ 器術,"RCT<span style=""color: rgba(255, 255, 255, 0.7);"">&nbsp;ランダム分野表(1) ＞ 器術</span>",images/00003.webp,"rgb(156, 39, 176)"
GM,重複した分野はダメージを受ける方が任意に分野を選択できます。,重複した分野はダメージを受ける方が任意に分野を選択できます。,,"rgb(136, 136, 136)"
GM,スズシロは重複分と射撃戦ダメージで任意の2分野にダメージを受けてください。,スズシロは重複分と射撃戦ダメージで任意の2分野にダメージを受けてください。,,"rgb(136, 136, 136)"
スズシロ,頑健から減らします。,頑健から減らします。,images/00015.webp,"rgb(71, 131, 132)"
GM,そうだった　すみません,そうだった　すみません,,"rgb(136, 136, 136)"
GM,頑健がある時は頑健からでした。,頑健がある時は頑健からでした。,,"rgb(136, 136, 136)"
System,[ スズシロ ] 頑健 : 2 → 0,[ スズシロ ] 頑健 : 2 → 0,,
System,[ スズシロ ] 器術 : 1 → 0,[ スズシロ ] 器術 : 1 → 0,,
スズシロ,さよなら頑健……,さよなら頑健……,images/00015.webp,"rgb(71, 131, 132)"
GM,では、スズシロはこれで脱落。勝者は木兎乃。,では、スズシロはこれで脱落。勝者は木兎乃。,,"rgb(136, 136, 136)"
GM,RP後に戦果の宣言を行ってもらいましょうか。,RP後に戦果の宣言を行ってもらいましょうか。,,"rgb(136, 136, 136)"
木兎乃,はい！,はい！,images/00003.webp,"rgb(156, 39, 176)"
木兎乃,夜が更けていく。,夜が更けていく。,images/00003.webp,"rgb(156, 39, 176)"
木兎乃,二人きりの病院は、設備の稼働音と外の風の音が微かにするのみで。,二人きりの病院は、設備の稼働音と外の風の音が微かにするのみで。,images/00003.webp,"rgb(156, 39, 176)"
木兎乃,それ以外があるとすれば、自分ではないもうひとりのもの。,それ以外があるとすれば、自分ではないもうひとりのもの。,images/00003.webp,"rgb(156, 39, 176)"
木兎乃,寂しく、親しい、静寂の世界。,寂しく、親しい、静寂の世界。,images/00003.webp,"rgb(156, 39, 176)"
木兎乃,その中に、,その中に、,images/00003.webp,"rgb(156, 39, 176)"
木兎乃,かつ、かつ、と。,かつ、かつ、と。,images/00003.webp,"rgb(156, 39, 176)"
木兎乃,杖を突く音がする。,杖を突く音がする。,images/00003.webp,"rgb(156, 39, 176)"
木兎乃,それはもう一人の病室の前で止まって。,それはもう一人の病室の前で止まって。,images/00003.webp,"rgb(156, 39, 176)"
木兎乃,「スズシロさん」,「スズシロさん」,images/00003.webp,"rgb(156, 39, 176)"
木兎乃,心もとないようなか細い声に、取って代わる。,心もとないようなか細い声に、取って代わる。,images/00003.webp,"rgb(156, 39, 176)"
スズシロ,「はい」,「はい」,images/00015.webp,"rgb(71, 131, 132)"
スズシロ,扉の向こう側からの声。,扉の向こう側からの声。,images/00015.webp,"rgb(71, 131, 132)"
スズシロ,「どうされました？」,「どうされました？」,images/00015.webp,"rgb(71, 131, 132)"
木兎乃,「開けて、くれますか？」,「開けて、くれますか？」,images/00003.webp,"rgb(156, 39, 176)"
木兎乃,「……いえ……」,「……いえ……」,images/00003.webp,"rgb(156, 39, 176)"
木兎乃,「開けてください。お願いします……」,「開けてください。お願いします……」,images/00003.webp,"rgb(156, 39, 176)"
スズシロ,「眠れなくなってしまいました？」,「眠れなくなってしまいました？」,images/00015.webp,"rgb(71, 131, 132)"
スズシロ,扉が開かれる。,扉が開かれる。,images/00014.webp,"rgb(71, 131, 132)"
木兎乃,扉の前には、いっそ無防備なほどに立ち尽くす姿。,扉の前には、いっそ無防備なほどに立ち尽くす姿。,images/00003.webp,"rgb(156, 39, 176)"
木兎乃,熱でもあるのだろうか、微かに潤んだ目が男を捉えて、揺れる。,熱でもあるのだろうか、微かに潤んだ目が男を捉えて、揺れる。,images/00003.webp,"rgb(156, 39, 176)"
木兎乃,そうして息を吐いて、男の胸にしなだれかかる。,そうして息を吐いて、男の胸にしなだれかかる。,images/00003.webp,"rgb(156, 39, 176)"
木兎乃,「そう……」,「そう……」,images/00003.webp,"rgb(156, 39, 176)"
木兎乃,「眠れなく、なってしまって」,「眠れなく、なってしまって」,images/00003.webp,"rgb(156, 39, 176)"
スズシロ,"「おっと」
身体を支えるように抱きとめる。","「おっと」
身体を支えるように抱きとめる。",images/00014.webp,"rgb(71, 131, 132)"
スズシロ,「であれば」,「であれば」,images/00014.webp,"rgb(71, 131, 132)"
スズシロ,「今夜は一緒に眠りましょうか」,「今夜は一緒に眠りましょうか」,images/00014.webp,"rgb(71, 131, 132)"
木兎乃,「……はい……」,「……はい……」,images/00003.webp,"rgb(156, 39, 176)"
木兎乃,安堵に似た、かすかな笑みが浮かぶ。,安堵に似た、かすかな笑みが浮かぶ。,images/00003.webp,"rgb(156, 39, 176)"
スズシロ,ひょい、と軽く身体を抱えて。,ひょい、と軽く身体を抱えて。,images/00001.webp,"rgb(71, 131, 132)"
スズシロ,二人で入るには狭いベッドへ。,二人で入るには狭いベッドへ。,images/00001.webp,"rgb(71, 131, 132)"
スズシロ,「魅力的な人」,「魅力的な人」,images/00001.webp,"rgb(71, 131, 132)"
スズシロ,「もう夢の中にいるみたいだ」,「もう夢の中にいるみたいだ」,images/00001.webp,"rgb(71, 131, 132)"
木兎乃,抱いた身体は細く、なのに熱い。,抱いた身体は細く、なのに熱い。,images/00003.webp,"rgb(156, 39, 176)"
木兎乃,さらりと流れた髪が男の足元を擽っていった。,さらりと流れた髪が男の足元を擽っていった。,images/00003.webp,"rgb(156, 39, 176)"
木兎乃,「そうさせたのは、あなたですよ」,「そうさせたのは、あなたですよ」,images/00003.webp,"rgb(156, 39, 176)"
木兎乃,「夢の中みたいに……」,「夢の中みたいに……」,images/00003.webp,"rgb(156, 39, 176)"
木兎乃,「曖昧で、身動きの取れない、水の中のような……」,「曖昧で、身動きの取れない、水の中のような……」,images/00003.webp,"rgb(156, 39, 176)"
木兎乃,「この浮ついた地獄に引きずり込んだのはあなた」,「この浮ついた地獄に引きずり込んだのはあなた」,images/00003.webp,"rgb(156, 39, 176)"
スズシロ,「嬉しい」,「嬉しい」,images/00001.webp,"rgb(71, 131, 132)"
スズシロ,「それって、僕と共にあってくれるってことでしょう」,「それって、僕と共にあってくれるってことでしょう」,images/00001.webp,"rgb(71, 131, 132)"
スズシロ,「僕を特別にしてくれるってことでしょう」,「僕を特別にしてくれるってことでしょう」,images/00001.webp,"rgb(71, 131, 132)"
スズシロ,「他でもない、貴方が」,「他でもない、貴方が」,images/00001.webp,"rgb(71, 131, 132)"
木兎乃,細い指が広い背を、固い骨を、厚い胸板をなぞっていく。,細い指が広い背を、固い骨を、厚い胸板をなぞっていく。,images/00003.webp,"rgb(156, 39, 176)"
木兎乃,「ええ……」,「ええ……」,images/00003.webp,"rgb(156, 39, 176)"
木兎乃,「あなたが気づかせたものが、私の中で根を張り、茂って」,「あなたが気づかせたものが、私の中で根を張り、茂って」,images/00003.webp,"rgb(156, 39, 176)"
木兎乃,「狂いそうになる」,「狂いそうになる」,images/00003.webp,"rgb(156, 39, 176)"
木兎乃,今となっては意味をなさない病衣の合わせに手を差し入れて、留めている紐をするりと解く。,今となっては意味をなさない病衣の合わせに手を差し入れて、留めている紐をするりと解く。,images/00003.webp,"rgb(156, 39, 176)"
木兎乃,「これじゃもう、冷たいままではいられない」,「これじゃもう、冷たいままではいられない」,images/00003.webp,"rgb(156, 39, 176)"
木兎乃,身体の上を滑る手が降りて、下布に手をかける。 [編集済],"身体の上を滑る手が降りて、下布に手をかける。<span style=""color: rgb(117, 117, 117);"">&nbsp;[編集済]</span>",images/00003.webp,"rgb(156, 39, 176)"
木兎乃,「あなたが薪をくべた火の熱さを、どうか味わって」 [編集済],"「あなたが薪をくべた火の熱さを、どうか味わって」<span style=""color: rgb(117, 117, 117);"">&nbsp;[編集済]</span>",images/00003.webp,"rgb(156, 39, 176)"
スズシロ,「貴方の持たなかった温度が」,「貴方の持たなかった温度が」,images/00001.webp,"rgb(71, 131, 132)"
スズシロ,「僕によってもたらされてしまったのであれば」,「僕によってもたらされてしまったのであれば」,images/00001.webp,"rgb(71, 131, 132)"
スズシロ,「それはすこし悲しい」,「それはすこし悲しい」,images/00001.webp,"rgb(71, 131, 132)"
スズシロ,「ねえ、『先生』」,「ねえ、『先生』」,images/00001.webp,"rgb(71, 131, 132)"
スズシロ,「僕は絵に描かれたものが好きですよ」,「僕は絵に描かれたものが好きですよ」,images/00001.webp,"rgb(71, 131, 132)"
スズシロ,「手に入らないものが好きなんだ」,「手に入らないものが好きなんだ」,images/00001.webp,"rgb(71, 131, 132)"
スズシロ,「綺麗に綺麗に描かれて」,「綺麗に綺麗に描かれて」,images/00001.webp,"rgb(71, 131, 132)"
スズシロ,「僕には届きそうにないものが好き」,「僕には届きそうにないものが好き」,images/00001.webp,"rgb(71, 131, 132)"
スズシロ,「彫刻も好きなんです」,「彫刻も好きなんです」,images/00001.webp,"rgb(71, 131, 132)"
スズシロ,「あれは動かないし、暖かくない」,「あれは動かないし、暖かくない」,images/00001.webp,"rgb(71, 131, 132)"
スズシロ,「『先生』もそうだったのに」,「『先生』もそうだったのに」,images/00001.webp,"rgb(71, 131, 132)"
スズシロ,「ああ」,「ああ」,images/00001.webp,"rgb(71, 131, 132)"
スズシロ,「今、僕の目の前にいる人は」,「今、僕の目の前にいる人は」,images/00001.webp,"rgb(71, 131, 132)"
スズシロ,「全く違うものに見える」,「全く違うものに見える」,images/00001.webp,"rgb(71, 131, 132)"
スズシロ,されるがままに、露わになった身体。,されるがままに、露わになった身体。,images/00001.webp,"rgb(71, 131, 132)"
スズシロ,屈強で、人を容易く縊り殺せる肉体。,屈強で、人を容易く縊り殺せる肉体。,images/00001.webp,"rgb(71, 131, 132)"
木兎乃,潤いを留めた瞳も、悩まし気な溜息も、かすかに上気した頬も。,潤いを留めた瞳も、悩まし気な溜息も、かすかに上気した頬も。,images/00003.webp,"rgb(156, 39, 176)"
木兎乃,男が見てきた『先生』とは、まるで違った。,男が見てきた『先生』とは、まるで違った。,images/00003.webp,"rgb(156, 39, 176)"
木兎乃,煩わしそうに下に履いているものを取り去って、素肌を晒す。,煩わしそうに下に履いているものを取り去って、素肌を晒す。,images/00003.webp,"rgb(156, 39, 176)"
木兎乃,そこにあるものは充血して、潤んで、待ち侘びている。,そこにあるものは充血して、潤んで、待ち侘びている。,images/00003.webp,"rgb(156, 39, 176)"
スズシロ,貴方の望むように。,貴方の望むように。,images/00001.webp,"rgb(71, 131, 132)"
スズシロ,男は抵抗することもなく。,男は抵抗することもなく。,images/00001.webp,"rgb(71, 131, 132)"
スズシロ,誘導されていく。,誘導されていく。,images/00001.webp,"rgb(71, 131, 132)"
スズシロ,迷子の子どもが手を引かれるように。,迷子の子どもが手を引かれるように。,images/00001.webp,"rgb(71, 131, 132)"
木兎乃,その欲を誘い、導いていく。,その欲を誘い、導いていく。,images/00003.webp,"rgb(156, 39, 176)"
木兎乃,慣れた手つきで、しかし優しく。,慣れた手つきで、しかし優しく。,images/00003.webp,"rgb(156, 39, 176)"
木兎乃,好いところを探って、見つけて、追い立てて。,好いところを探って、見つけて、追い立てて。,images/00003.webp,"rgb(156, 39, 176)"
木兎乃,そうして機が熟せば、,そうして機が熟せば、,images/00003.webp,"rgb(156, 39, 176)"
木兎乃,うっすらと微笑んで。,うっすらと微笑んで。,images/00003.webp,"rgb(156, 39, 176)"
木兎乃,「あなたの呪いを」,「あなたの呪いを」,images/00003.webp,"rgb(156, 39, 176)"
木兎乃,「あなたに返します」,「あなたに返します」,images/00003.webp,"rgb(156, 39, 176)"
木兎乃,「どうせ、もう」,「どうせ、もう」,images/00003.webp,"rgb(156, 39, 176)"
木兎乃,「どちらがどちらなのか、なんて」,「どちらがどちらなのか、なんて」,images/00003.webp,"rgb(156, 39, 176)"
木兎乃,「分かりもしないでしょう」,「分かりもしないでしょう」,images/00003.webp,"rgb(156, 39, 176)"
木兎乃,熟れた欲の中に、沈めていく。,熟れた欲の中に、沈めていく。,images/00003.webp,"rgb(156, 39, 176)"
木兎乃,かたちがあわさって。,かたちがあわさって。,images/00003.webp,"rgb(156, 39, 176)"
木兎乃,どちらがどちらなのか、分かりもしない。,どちらがどちらなのか、分かりもしない。,images/00003.webp,"rgb(156, 39, 176)"
木兎乃,その夢のあわいに。,その夢のあわいに。,images/00003.webp,"rgb(156, 39, 176)"
木兎乃,どちらのものとも知れない呪いが、滔々と満ちていた。,どちらのものとも知れない呪いが、滔々と満ちていた。,images/00003.webp,"rgb(156, 39, 176)"
木兎乃,プライズを相手に渡します。,プライズを相手に渡します。,images/00003.webp,"rgb(156, 39, 176)"
GM,了解しました。秘密を公開します。,了解しました。秘密を公開します。,,"rgb(136, 136, 136)"
GM,"「あなたは(1)［3日前］、［追ってから逃れて瀕死の相手を誰の目にも留まらぬ場所で匿う］ために、この病院の人々を全て殺した。あなたは(3)［慣れた手際で、人形のように首を落として］彼らを殺した。
目の前の相手だけは殺さなかった。［相手を理想化し、羨み、嫉妬した果てに手に入れようと思った］からだ。記憶の混乱の治療にはもっと時間を掛けたかったが、今日までが限界だった。あなたは[自分ともども全てを闇に葬り去るため、自分と相手に致死の毒を仕込んだ。明日には二人とも死ぬだろう]。
　これこそが、これだけが、(6)［　真実　］である。」","「あなたは(1)［3日前］、［追ってから逃れて瀕死の相手を誰の目にも留まらぬ場所で匿う］ために、この病院の人々を全て殺した。あなたは(3)［慣れた手際で、人形のように首を落として］彼らを殺した。
目の前の相手だけは殺さなかった。［相手を理想化し、羨み、嫉妬した果てに手に入れようと思った］からだ。記憶の混乱の治療にはもっと時間を掛けたかったが、今日までが限界だった。あなたは[自分ともども全てを闇に葬り去るため、自分と相手に致死の毒を仕込んだ。明日には二人とも死ぬだろう]。
　これこそが、これだけが、(6)［　真実　］である。」",,"rgb(136, 136, 136)"
GM,2の部分が書き換えられています。,2の部分が書き換えられています。,,"rgb(136, 136, 136)"
GM,以上です。,以上です。,,"rgb(136, 136, 136)"
GM,＊,＊,,"rgb(136, 136, 136)"
GM,■クライマックスフェイズ,■クライマックスフェイズ,,"rgb(136, 136, 136)"
スズシロ,どれくらいの時間が経っただろう。,どれくらいの時間が経っただろう。,images/00001.webp,"rgb(71, 131, 132)"
スズシロ,鈍化した思考が落ちていって。,鈍化した思考が落ちていって。,images/00001.webp,"rgb(71, 131, 132)"
スズシロ,もう二度と浮遊しないとおもっていたのに。,もう二度と浮遊しないとおもっていたのに。,images/00001.webp,"rgb(71, 131, 132)"
スズシロ,瞼が重い。,瞼が重い。,images/00001.webp,"rgb(71, 131, 132)"
スズシロ,開けたくない。,開けたくない。,images/00001.webp,"rgb(71, 131, 132)"
スズシロ,目を瞑ったまま身体を起こして。,目を瞑ったまま身体を起こして。,images/00001.webp,"rgb(71, 131, 132)"
スズシロ,観念したように視界を取り戻す。,観念したように視界を取り戻す。,images/00001.webp,"rgb(71, 131, 132)"
木兎乃,その視界に、元通りに服を着た姿で佇んでいる。,その視界に、元通りに服を着た姿で佇んでいる。,images/00004.webp,"rgb(156, 39, 176)"
木兎乃,ベッドの前に立って、穏やかな笑みで見つめている。,ベッドの前に立って、穏やかな笑みで見つめている。,images/00004.webp,"rgb(156, 39, 176)"
木兎乃,「おはようございます」,「おはようございます」,images/00004.webp,"rgb(156, 39, 176)"
木兎乃,そうは言っても、まだ外は暗い。,そうは言っても、まだ外は暗い。,images/00004.webp,"rgb(156, 39, 176)"
木兎乃,未明だ。,未明だ。,images/00004.webp,"rgb(156, 39, 176)"
木兎乃,しかしそれも永遠ではない。,しかしそれも永遠ではない。,images/00004.webp,"rgb(156, 39, 176)"
木兎乃,いずれ太陽は顔を出し、この世の暗がり全てを暴くように輝く。,いずれ太陽は顔を出し、この世の暗がり全てを暴くように輝く。,images/00004.webp,"rgb(156, 39, 176)"
木兎乃,その時にはもう、二人、無事に生きていることなどないのだろう。,その時にはもう、二人、無事に生きていることなどないのだろう。,images/00004.webp,"rgb(156, 39, 176)"
スズシロ,「朝がひどく遠い」,「朝がひどく遠い」,images/00015.webp,"rgb(71, 131, 132)"
スズシロ,「まるで忘れ物をしたときの夜」,「まるで忘れ物をしたときの夜」,images/00015.webp,"rgb(71, 131, 132)"
スズシロ,目が合う。,目が合う。,images/00016.webp,"rgb(71, 131, 132)"
スズシロ,「このまま横たわって目を閉じるには生温すぎる」,「このまま横たわって目を閉じるには生温すぎる」,images/00016.webp,"rgb(71, 131, 132)"
スズシロ,「ちょうど貴方も冷えてきたでしょう」,「ちょうど貴方も冷えてきたでしょう」,images/00016.webp,"rgb(71, 131, 132)"
スズシロ,間合いを取る。,間合いを取る。,images/00016.webp,"rgb(71, 131, 132)"
木兎乃,「ええ、お陰様で随分と」,「ええ、お陰様で随分と」,images/00004.webp,"rgb(156, 39, 176)"
木兎乃,"火照って汗の粒が浮いていた肌は、もうどこにもない。
彫刻のように素っ気ない白さだけがわずかに覗いていた。","火照って汗の粒が浮いていた肌は、もうどこにもない。
彫刻のように素っ気ない白さだけがわずかに覗いていた。",images/00004.webp,"rgb(156, 39, 176)"
木兎乃,「頭を冷やすには、満足が一番ですね」,「頭を冷やすには、満足が一番ですね」,images/00004.webp,"rgb(156, 39, 176)"
木兎乃,「一晩の相手としては、ふふ、惜しくなるくらい」,「一晩の相手としては、ふふ、惜しくなるくらい」,images/00004.webp,"rgb(156, 39, 176)"
木兎乃,「好かったですよ」,「好かったですよ」,images/00004.webp,"rgb(156, 39, 176)"
スズシロ,「きっと、最後の相手でもありますよ」,「きっと、最後の相手でもありますよ」,images/00015.webp,"rgb(71, 131, 132)"
スズシロ,「先生の、最後の人」,「先生の、最後の人」,images/00015.webp,"rgb(71, 131, 132)"
スズシロ,「今まであった誰よりも一番遅れていて」,「今まであった誰よりも一番遅れていて」,images/00015.webp,"rgb(71, 131, 132)"
スズシロ,「貴方に残されるもの」,「貴方に残されるもの」,images/00015.webp,"rgb(71, 131, 132)"
スズシロ,「割合ならいくつになるのだろう」,「割合ならいくつになるのだろう」,images/00015.webp,"rgb(71, 131, 132)"
スズシロ,「貴方の中にどれくらい、僕が残ってくれるだろう？」,「貴方の中にどれくらい、僕が残ってくれるだろう？」,images/00015.webp,"rgb(71, 131, 132)"
スズシロ,「いや、本当のことを言うと」,「いや、本当のことを言うと」,images/00015.webp,"rgb(71, 131, 132)"
スズシロ,「全部が欲しいな」,「全部が欲しいな」,images/00015.webp,"rgb(71, 131, 132)"
スズシロ,「あなたの、すべて。」,「あなたの、すべて。」,images/00015.webp,"rgb(71, 131, 132)"
木兎乃,「今となっては、はいどうぞ、と差し出すわけにもいきませんね」,「今となっては、はいどうぞ、と差し出すわけにもいきませんね」,images/00004.webp,"rgb(156, 39, 176)"
木兎乃,「奪ってみてはいかがです？」,「奪ってみてはいかがです？」,images/00004.webp,"rgb(156, 39, 176)"
木兎乃,「私の、すべて」,「私の、すべて」,images/00004.webp,"rgb(156, 39, 176)"
木兎乃,「捻じ伏せられ、こじ開けられたなら」,「捻じ伏せられ、こじ開けられたなら」,images/00004.webp,"rgb(156, 39, 176)"
木兎乃,「その時はもう、何も隠すことはできないでしょうし」,「その時はもう、何も隠すことはできないでしょうし」,images/00004.webp,"rgb(156, 39, 176)"
木兎乃,「本当の本当に欲しいのなら」,「本当の本当に欲しいのなら」,images/00004.webp,"rgb(156, 39, 176)"
木兎乃,「奪ってみせて」,「奪ってみせて」,images/00004.webp,"rgb(156, 39, 176)"
GM,■戦闘開始,■戦闘開始,,"rgb(136, 136, 136)"
GM,■ラウンド1,■ラウンド1,,"rgb(136, 136, 136)"
GM,プロットをお願いします,プロットをお願いします,,"rgb(136, 136, 136)"
スズシロ,プロットOK。,プロットOK。,images/00015.webp,"rgb(71, 131, 132)"
木兎乃,プロットOK。,プロットOK。,images/00004.webp,"rgb(156, 39, 176)"
GM,プロットの開示をお願いします！,プロットの開示をお願いします！,,"rgb(136, 136, 136)"
System,[ 木兎乃 ] がダイスシンボルを公開。出目は 2 です。,[ 木兎乃 ] がダイスシンボルを公開。出目は 2 です。,,
System,[ スズシロ ] がダイスシンボルを公開。出目は 1 です。,[ スズシロ ] がダイスシンボルを公開。出目は 1 です。,,
GM,"プロット2：木兎乃
プロット1：スズシロ","プロット2：木兎乃
プロット1：スズシロ",,"rgb(136, 136, 136)"
GM,■プロット2,■プロット2,,"rgb(136, 136, 136)"
GM,行動の宣言をどうぞ！,行動の宣言をどうぞ！,,"rgb(136, 136, 136)"
木兎乃,禁術を使用します。,禁術を使用します。,images/00004.webp,"rgb(156, 39, 176)"
GM,了解です。対象にする忍法はどれですか？,了解です。対象にする忍法はどれですか？,,"rgb(136, 136, 136)"
木兎乃,春雷を指定します。,春雷を指定します。,images/00004.webp,"rgb(156, 39, 176)"
GM,了解しました。判定をどうぞ！,了解しました。判定をどうぞ！,,"rgb(136, 136, 136)"
木兎乃,"2D6>=6 （判定：毒術） (2D6>=6) ＞ 3[1,2] ＞ 3 ＞ 失敗","2D6&gt;=6 （判定：毒術）<span style=""color: rgb(220, 0, 78);"">&nbsp;(2D6&gt;=6) ＞ 3[1,2] ＞ 3 ＞ 失敗</span>",images/00004.webp,"rgb(156, 39, 176)"
GM,失敗ですね。ファンブルではないので、攻撃は行なえます。,失敗ですね。ファンブルではないので、攻撃は行なえます。,,"rgb(136, 136, 136)"
木兎乃,では、続けて接近戦攻撃を使用します。,では、続けて接近戦攻撃を使用します。,images/00004.webp,"rgb(156, 39, 176)"
GM,判定をどうぞ！,判定をどうぞ！,,"rgb(136, 136, 136)"
木兎乃,"2D6>=6 （判定：毒術） (2D6>=6) ＞ 6[3,3] ＞ 6 ＞ 成功","2D6&gt;=6 （判定：毒術）<span style=""color: rgb(33, 150, 243);"">&nbsp;(2D6&gt;=6) ＞ 6[3,3] ＞ 6 ＞ 成功</span>",images/00004.webp,"rgb(156, 39, 176)"
GM,成功。スズシロは毒術で回避判定をどうぞ。,成功。スズシロは毒術で回避判定をどうぞ。,,"rgb(136, 136, 136)"
スズシロ,"2D6>=8 （判定：兵糧術） (2D6>=8) ＞ 9[3,6] ＞ 9 ＞ 成功","2D6&gt;=8 （判定：兵糧術）<span style=""color: rgb(33, 150, 243);"">&nbsp;(2D6&gt;=8) ＞ 9[3,6] ＞ 9 ＞ 成功</span>",images/00015.webp,"rgb(71, 131, 132)"
GM,成功ですね。,成功ですね。,,"rgb(136, 136, 136)"
GM,■プロット1,■プロット1,,"rgb(136, 136, 136)"
スズシロ,春雷を使用します。,春雷を使用します。,images/00015.webp,"rgb(71, 131, 132)"
GM,コストが足りないですね……！,コストが足りないですね……！,,"rgb(136, 136, 136)"
スズシロ,あっ　本当だ,あっ　本当だ,images/00015.webp,"rgb(71, 131, 132)"
スズシロ,訂正しまして……,訂正しまして……,images/00015.webp,"rgb(71, 131, 132)"
スズシロ,接近戦攻撃を行います。,接近戦攻撃を行います。,images/00015.webp,"rgb(71, 131, 132)"
GM,了解です。判定をどうぞ。,了解です。判定をどうぞ。,,"rgb(136, 136, 136)"
スズシロ,"2D6>=5 （判定：呪術） (2D6>=5) ＞ 7[3,4] ＞ 7 ＞ 成功","2D6&gt;=5 （判定：呪術）<span style=""color: rgb(33, 150, 243);"">&nbsp;(2D6&gt;=5) ＞ 7[3,4] ＞ 7 ＞ 成功</span>",images/00015.webp,"rgb(71, 131, 132)"
GM,成功！,成功！,,"rgb(136, 136, 136)"
GM,木兎乃は呪術で回避判定をどうぞ。,木兎乃は呪術で回避判定をどうぞ。,,"rgb(136, 136, 136)"
木兎乃,"2D6>=9 （判定：流言の術） (2D6>=9) ＞ 2[1,1] ＞ 2 ＞ ファンブル","2D6&gt;=9 （判定：流言の術）<span style=""color: rgb(220, 0, 78);"">&nbsp;(2D6&gt;=9) ＞ 2[1,1] ＞ 2 ＞ ファンブル</span>",images/00004.webp,"rgb(156, 39, 176)"
GM,ワッ！？,ワッ！？,,"rgb(136, 136, 136)"
GM,あんまりもう関係ないけど、逆凪です。,あんまりもう関係ないけど、逆凪です。,,"rgb(136, 136, 136)"
GM,え～と……では後の先が乗って、接近戦ダメージ1点と射撃戦ダメージが1点ですね。,え～と……では後の先が乗って、接近戦ダメージ1点と射撃戦ダメージが1点ですね。,,"rgb(136, 136, 136)"
GM,スズシロはRCTを振ってください。,スズシロはRCTを振ってください。,,"rgb(136, 136, 136)"
スズシロ,RCT ランダム分野表(3) ＞ 忍術,"RCT<span style=""color: rgba(255, 255, 255, 0.7);"">&nbsp;ランダム分野表(3) ＞ 忍術</span>",images/00015.webp,"rgb(71, 131, 132)"
System,[ 木兎乃 ] 忍術 : 1 → 0,[ 木兎乃 ] 忍術 : 1 → 0,,
GM,もう1点分は木兎乃の任意です。,もう1点分は木兎乃の任意です。,,"rgb(136, 136, 136)"
System,[ 木兎乃 ] 体術 : 1 → 0,[ 木兎乃 ] 体術 : 1 → 0,,
スズシロ,男がゆっくりとした動作で、貴方に接近する。,男がゆっくりとした動作で、貴方に接近する。,images/00015.webp,"rgb(71, 131, 132)"
スズシロ,その体には目に見える色で呪いが纏わりついている。,その体には目に見える色で呪いが纏わりついている。,images/00015.webp,"rgb(71, 131, 132)"
スズシロ,男が腕を振ったところから、色が伸びて。,男が腕を振ったところから、色が伸びて。,images/00015.webp,"rgb(71, 131, 132)"
スズシロ,貴方を捉える。,貴方を捉える。,images/00015.webp,"rgb(71, 131, 132)"
木兎乃,杖がそれを振り払う。,杖がそれを振り払う。,images/00003.webp,"rgb(156, 39, 176)"
木兎乃,薙ぐ動作で踏み込んで、右手に隠し持った針を構えて。,薙ぐ動作で踏み込んで、右手に隠し持った針を構えて。,images/00003.webp,"rgb(156, 39, 176)"
木兎乃,こちらからも間近に迫る。,こちらからも間近に迫る。,images/00003.webp,"rgb(156, 39, 176)"
スズシロ,至近距離。,至近距離。,images/00015.webp,"rgb(71, 131, 132)"
スズシロ,色に紛れさせた男の手が。,色に紛れさせた男の手が。,images/00015.webp,"rgb(71, 131, 132)"
スズシロ,貴方の細い腕を掴み。,貴方の細い腕を掴み。,images/00015.webp,"rgb(71, 131, 132)"
スズシロ,そのまま放り投げる。,そのまま放り投げる。,images/00015.webp,"rgb(71, 131, 132)"
木兎乃,「っ、」,「っ、」,images/00003.webp,"rgb(156, 39, 176)"
木兎乃,容易く体勢を崩す。,容易く体勢を崩す。,images/00003.webp,"rgb(156, 39, 176)"
木兎乃,腕を掴んだその手のひらが、,腕を掴んだその手のひらが、,images/00003.webp,"rgb(156, 39, 176)"
木兎乃,どうにも、熱く思えて、,どうにも、熱く思えて、,images/00003.webp,"rgb(156, 39, 176)"
木兎乃,足が力を失う。,足が力を失う。,images/00003.webp,"rgb(156, 39, 176)"
スズシロ,「まだ動けますよ」,「まだ動けますよ」,images/00015.webp,"rgb(71, 131, 132)"
スズシロ,「ほら、立ち上がって」,「ほら、立ち上がって」,images/00015.webp,"rgb(71, 131, 132)"
スズシロ,「僕の相手をして」,「僕の相手をして」,images/00015.webp,"rgb(71, 131, 132)"
木兎乃,「…………」,「…………」,images/00003.webp,"rgb(156, 39, 176)"
木兎乃,カツン、と杖を突く音と共に。,カツン、と杖を突く音と共に。,images/00003.webp,"rgb(156, 39, 176)"
木兎乃,「言われなくとも」,「言われなくとも」,images/00003.webp,"rgb(156, 39, 176)"
木兎乃,再び立ち上がる。,再び立ち上がる。,images/00003.webp,"rgb(156, 39, 176)"
GM,■ラウンド2,■ラウンド2,,"rgb(136, 136, 136)"
System,[ GM ] がダイスシンボルを2 に変更しました。,[ GM ] がダイスシンボルを2 に変更しました。,,
GM,プロットをどうぞ！,プロットをどうぞ！,,"rgb(136, 136, 136)"
木兎乃,プロットOK。,プロットOK。,images/00003.webp,"rgb(156, 39, 176)"
スズシロ,プロットOK。,プロットOK。,images/00015.webp,"rgb(71, 131, 132)"
GM,プロットの開示をお願いします。,プロットの開示をお願いします。,,"rgb(136, 136, 136)"
System,[ スズシロ ] がダイスシンボルを公開。出目は 2 です。,[ スズシロ ] がダイスシンボルを公開。出目は 2 です。,,
System,[ 木兎乃 ] がダイスシンボルを公開。出目は 2 です。,[ 木兎乃 ] がダイスシンボルを公開。出目は 2 です。,,
GM,プロット2：スズシロ、木兎乃,プロット2：スズシロ、木兎乃,,"rgb(136, 136, 136)"
GM,■プロット2,■プロット2,,"rgb(136, 136, 136)"
GM,同時行動です。1d100を振って、低い方から先に動きます。,同時行動です。1d100を振って、低い方から先に動きます。,,"rgb(136, 136, 136)"
木兎乃,1D100 (1D100) ＞ 84,"1D100<span style=""color: rgba(255, 255, 255, 0.7);"">&nbsp;(1D100) ＞ 84</span>",images/00003.webp,"rgb(156, 39, 176)"
スズシロ,1d100 (1D100) ＞ 94,"1d100<span style=""color: rgba(255, 255, 255, 0.7);"">&nbsp;(1D100) ＞ 94</span>",images/00015.webp,"rgb(71, 131, 132)"
GM,高いバトルだ,高いバトルだ,,"rgb(136, 136, 136)"
GM,では木兎乃＞スズシロの順で。,では木兎乃＞スズシロの順で。,,"rgb(136, 136, 136)"
GM,木兎乃さんの行動です。行動の宣言をどうぞ！,木兎乃さんの行動です。行動の宣言をどうぞ！,,"rgb(136, 136, 136)"
木兎乃,禁術を使用します。指定忍法は春雷。,禁術を使用します。指定忍法は春雷。,images/00003.webp,"rgb(156, 39, 176)"
GM,了解です。判定をどうぞ。,了解です。判定をどうぞ。,,"rgb(136, 136, 136)"
木兎乃,"2D6>=6 （判定：毒術） (2D6>=6) ＞ 8[2,6] ＞ 8 ＞ 成功","2D6&gt;=6 （判定：毒術）<span style=""color: rgb(33, 150, 243);"">&nbsp;(2D6&gt;=6) ＞ 8[2,6] ＞ 8 ＞ 成功</span>",images/00003.webp,"rgb(156, 39, 176)"
GM,成功。これ以降、春雷を使用した者はその度に1点のダメージを受けます。,成功。これ以降、春雷を使用した者はその度に1点のダメージを受けます。,,"rgb(136, 136, 136)"
GM,以降と書きましたが、効果の適用は同時行動の終了後となります。,以降と書きましたが、効果の適用は同時行動の終了後となります。,,"rgb(136, 136, 136)"
木兎乃,続けて接近戦攻撃を使用します。,続けて接近戦攻撃を使用します。,images/00003.webp,"rgb(156, 39, 176)"
GM,はい。判定をどうぞ！,はい。判定をどうぞ！,,"rgb(136, 136, 136)"
木兎乃,"2D6>=5 （判定：毒術） (2D6>=5) ＞ 4[1,3] ＞ 4 ＞ 失敗","2D6&gt;=5 （判定：毒術）<span style=""color: rgb(220, 0, 78);"">&nbsp;(2D6&gt;=5) ＞ 4[1,3] ＞ 4 ＞ 失敗</span>",images/00003.webp,"rgb(156, 39, 176)"
GM,失敗ですね……。,失敗ですね……。,,"rgb(136, 136, 136)"
GM,同時行動なので、とりあえず処理を進めましょう。スズシロさんの行動をどうぞ。,同時行動なので、とりあえず処理を進めましょう。スズシロさんの行動をどうぞ。,,"rgb(136, 136, 136)"
スズシロ,春雷を使用します。,春雷を使用します。,images/00015.webp,"rgb(71, 131, 132)"
GM,判定をどうぞ！,判定をどうぞ！,,"rgb(136, 136, 136)"
スズシロ,"2D6>=5 （判定：骨法術） (2D6>=5) ＞ 7[1,6] ＞ 7 ＞ 成功","2D6&gt;=5 （判定：骨法術）<span style=""color: rgb(33, 150, 243);"">&nbsp;(2D6&gt;=5) ＞ 7[1,6] ＞ 7 ＞ 成功</span>",images/00015.webp,"rgb(71, 131, 132)"
GM,続けて任意の特技でどうぞ。,続けて任意の特技でどうぞ。,,"rgb(136, 136, 136)"
スズシロ,"2D6>=5 （判定：呪術） (2D6>=5) ＞ 6[1,5] ＞ 6 ＞ 成功","2D6&gt;=5 （判定：呪術）<span style=""color: rgb(33, 150, 243);"">&nbsp;(2D6&gt;=5) ＞ 6[1,5] ＞ 6 ＞ 成功</span>",images/00015.webp,"rgb(71, 131, 132)"
GM,成功ですね。回避の指定特技はどうしますか？,成功ですね。回避の指定特技はどうしますか？,,"rgb(136, 136, 136)"
スズシロ,呪術を指定します。,呪術を指定します。,images/00015.webp,"rgb(71, 131, 132)"
GM,では、木兎乃は呪術で回避判定をどうぞ。,では、木兎乃は呪術で回避判定をどうぞ。,,"rgb(136, 136, 136)"
木兎乃,"2D6>=9 （判定：流言の術） (2D6>=9) ＞ 8[2,6] ＞ 8 ＞ 失敗","2D6&gt;=9 （判定：流言の術）<span style=""color: rgb(220, 0, 78);"">&nbsp;(2D6&gt;=9) ＞ 8[2,6] ＞ 8 ＞ 失敗</span>",images/00003.webp,"rgb(156, 39, 176)"
GM,ああ～～　惜しい,ああ～～　惜しい,,"rgb(136, 136, 136)"
GM,では、接近戦ダメージが2点ですね。スズシロはRCTを2回お願いします。,では、接近戦ダメージが2点ですね。スズシロはRCTを2回お願いします。,,"rgb(136, 136, 136)"
スズシロ,RCT ランダム分野表(5) ＞ 戦術,"RCT<span style=""color: rgba(255, 255, 255, 0.7);"">&nbsp;ランダム分野表(5) ＞ 戦術</span>",images/00015.webp,"rgb(71, 131, 132)"
スズシロ,RCT ランダム分野表(2) ＞ 体術,"RCT<span style=""color: rgba(255, 255, 255, 0.7);"">&nbsp;ランダム分野表(2) ＞ 体術</span>",images/00015.webp,"rgb(71, 131, 132)"
GM,体術が被りましたね。戦術と、もう1分野は木兎乃の任意で受けてください。,体術が被りましたね。戦術と、もう1分野は木兎乃の任意で受けてください。,,"rgb(136, 136, 136)"
System,[ 木兎乃 ] 戦術 : 1 → 0,[ 木兎乃 ] 戦術 : 1 → 0,,
System,[ 木兎乃 ] 器術 : 1 → 0,[ 木兎乃 ] 器術 : 1 → 0,,
スズシロ,再び立ち上がったところに近づく。,再び立ち上がったところに近づく。,images/00015.webp,"rgb(71, 131, 132)"
木兎乃,それを見据えて、仕込針を突き立てようと。,それを見据えて、仕込針を突き立てようと。,images/00003.webp,"rgb(156, 39, 176)"
木兎乃,しかし、その針先が、僅かにぶれる。,しかし、その針先が、僅かにぶれる。,images/00003.webp,"rgb(156, 39, 176)"
木兎乃,迷いがある。,迷いがある。,images/00003.webp,"rgb(156, 39, 176)"
スズシロ,寸前で避け。,寸前で避け。,images/00015.webp,"rgb(71, 131, 132)"
スズシロ,滑り込むように身体を密着させて。,滑り込むように身体を密着させて。,images/00015.webp,"rgb(71, 131, 132)"
スズシロ,重い蹴り。,重い蹴り。,images/00015.webp,"rgb(71, 131, 132)"
木兎乃,「か……ッ、は、」,「か……ッ、は、」,images/00003.webp,"rgb(156, 39, 176)"
木兎乃,肺の空気が無理やり吐き出されて、無様な吐息が漏れる。,肺の空気が無理やり吐き出されて、無様な吐息が漏れる。,images/00003.webp,"rgb(156, 39, 176)"
木兎乃,それでなくとも大男の、膂力と体重を乗せた蹴りだ。,それでなくとも大男の、膂力と体重を乗せた蹴りだ。,images/00003.webp,"rgb(156, 39, 176)"
木兎乃,痩躯が軽々と吹き飛ばされて、壁にぶつかった。,痩躯が軽々と吹き飛ばされて、壁にぶつかった。,images/00003.webp,"rgb(156, 39, 176)"
スズシロ,「弱めに蹴ったんだけどな」,「弱めに蹴ったんだけどな」,images/00015.webp,"rgb(71, 131, 132)"
スズシロ,「先生は細くて柔らかいから」,「先生は細くて柔らかいから」,images/00015.webp,"rgb(71, 131, 132)"
スズシロ,「でも、立てますよね。立ってくださいね」,「でも、立てますよね。立ってくださいね」,images/00015.webp,"rgb(71, 131, 132)"
スズシロ,遊び足りない子どものように笑う。,遊び足りない子どものように笑う。,images/00015.webp,"rgb(71, 131, 132)"
木兎乃,ずるずると、壁に体重を預けて立ち上がる。,ずるずると、壁に体重を預けて立ち上がる。,images/00003.webp,"rgb(156, 39, 176)"
木兎乃,口端から零れた血を袖で雑に拭って、鋭い視線で男を見据えた。,口端から零れた血を袖で雑に拭って、鋭い視線で男を見据えた。,images/00003.webp,"rgb(156, 39, 176)"
System,[ GM ] がダイスシンボルを3 に変更しました。,[ GM ] がダイスシンボルを3 に変更しました。,,
GM,■ラウンド3,■ラウンド3,,"rgb(136, 136, 136)"
GM,プロットをお願いします。,プロットをお願いします。,,"rgb(136, 136, 136)"
スズシロ,プロットOK。,プロットOK。,images/00015.webp,"rgb(71, 131, 132)"
木兎乃,プロットOK。,プロットOK。,images/00003.webp,"rgb(156, 39, 176)"
GM,プロットの開示をどうぞ！,プロットの開示をどうぞ！,,"rgb(136, 136, 136)"
System,[ スズシロ ] がダイスシンボルを公開。出目は 1 です。,[ スズシロ ] がダイスシンボルを公開。出目は 1 です。,,
System,[ 木兎乃 ] がダイスシンボルを公開。出目は 3 です。,[ 木兎乃 ] がダイスシンボルを公開。出目は 3 です。,,
GM,"プロット3：木兎乃
プロット1：スズシロ","プロット3：木兎乃
プロット1：スズシロ",,"rgb(136, 136, 136)"
GM,■プロット3,■プロット3,,"rgb(136, 136, 136)"
木兎乃,奥義を使用します。,奥義を使用します。,images/00003.webp,"rgb(156, 39, 176)"
GM,了解しました。,了解しました。,,"rgb(136, 136, 136)"
木兎乃,"指定特技：針術
効果　　：不死身／定め／回数制限","指定特技：針術
効果　　：不死身／定め／回数制限",images/00003.webp,"rgb(156, 39, 176)"
GM,では、2回目なので3点回復ですね。奥義破りに挑む場合は宣言と判定をどうぞ。,では、2回目なので3点回復ですね。奥義破りに挑む場合は宣言と判定をどうぞ。,,"rgb(136, 136, 136)"
スズシロ,奥義破りに挑みます。,奥義破りに挑みます。,images/00015.webp,"rgb(71, 131, 132)"
GM,はい。判定をどうぞ！,はい。判定をどうぞ！,,"rgb(136, 136, 136)"
スズシロ,"2D6>=7 （判定：手裏剣術） (2D6>=7) ＞ 10[5,5] ＞ 10 ＞ 成功","2D6&gt;=7 （判定：手裏剣術）<span style=""color: rgb(33, 150, 243);"">&nbsp;(2D6&gt;=7) ＞ 10[5,5] ＞ 10 ＞ 成功</span>",images/00015.webp,"rgb(71, 131, 132)"
GM,成功です。木兎乃の不死身は無効化されます。,成功です。木兎乃の不死身は無効化されます。,,"rgb(136, 136, 136)"
木兎乃,続けて、痛打を使用します。,続けて、痛打を使用します。,images/00003.webp,"rgb(156, 39, 176)"
GM,了解です。判定をどうぞ。,了解です。判定をどうぞ。,,"rgb(136, 136, 136)"
木兎乃,"2D6>=11 （判定：詐術） (2D6>=11) ＞ 9[3,6] ＞ 9 ＞ 失敗","2D6&gt;=11 （判定：詐術）<span style=""color: rgb(220, 0, 78);"">&nbsp;(2D6&gt;=11) ＞ 9[3,6] ＞ 9 ＞ 失敗</span>",images/00003.webp,"rgb(156, 39, 176)"
GM,逆凪ではないので、続けて攻撃が行なえます！,逆凪ではないので、続けて攻撃が行なえます！,,"rgb(136, 136, 136)"
木兎乃,射撃戦攻撃を行います。,射撃戦攻撃を行います。,images/00003.webp,"rgb(156, 39, 176)"
GM,はい。判定をどうぞ！,はい。判定をどうぞ！,,"rgb(136, 136, 136)"
木兎乃,"2D6>=11 （判定：詐術） (2D6>=11) ＞ 8[2,6] ＞ 8 ＞ 失敗","2D6&gt;=11 （判定：詐術）<span style=""color: rgb(220, 0, 78);"">&nbsp;(2D6&gt;=11) ＞ 8[2,6] ＞ 8 ＞ 失敗</span>",images/00003.webp,"rgb(156, 39, 176)"
GM,ああ～～,ああ～～,,"rgb(136, 136, 136)"
木兎乃,身体の節々が、立ち行かなくなるのを感じていた。,身体の節々が、立ち行かなくなるのを感じていた。,images/00003.webp,"rgb(156, 39, 176)"
木兎乃,「…………」,「…………」,images/00003.webp,"rgb(156, 39, 176)"
木兎乃,見据えて、ただ、見据えて。,見据えて、ただ、見据えて。,images/00003.webp,"rgb(156, 39, 176)"
木兎乃,動きを止めたようなその最中に、不可視の糸を紡ぎ上げる。,動きを止めたようなその最中に、不可視の糸を紡ぎ上げる。,images/00003.webp,"rgb(156, 39, 176)"
木兎乃,空を持って糸とし、霞をも縫い合わせる奥義。,空を持って糸とし、霞をも縫い合わせる奥義。,images/00003.webp,"rgb(156, 39, 176)"
木兎乃,それを以て、傷を癒そうと。,それを以て、傷を癒そうと。,images/00003.webp,"rgb(156, 39, 176)"
スズシロ,「手を貸してあげましょうか？」,「手を貸してあげましょうか？」,images/00015.webp,"rgb(71, 131, 132)"
スズシロ,穏やかな声。,穏やかな声。,images/00015.webp,"rgb(71, 131, 132)"
スズシロ,糸に色（呪い）が交じる。,糸に色（呪い）が交じる。,images/00015.webp,"rgb(71, 131, 132)"
スズシロ,重く、重く、なっていく。,重く、重く、なっていく。,images/00015.webp,"rgb(71, 131, 132)"
木兎乃,「っぐ……」,「っぐ……」,images/00003.webp,"rgb(156, 39, 176)"
木兎乃,糸が、呪いの重さに耐え切れず、ふつりと切れていく。,糸が、呪いの重さに耐え切れず、ふつりと切れていく。,images/00003.webp,"rgb(156, 39, 176)"
木兎乃,こんなもので傷を縫うことなどできはしない。,こんなもので傷を縫うことなどできはしない。,images/00003.webp,"rgb(156, 39, 176)"
木兎乃,「邪魔を……」,「邪魔を……」,images/00003.webp,"rgb(156, 39, 176)"
木兎乃,碌に力も入らなくなってきた手で、針を構え、飛ばす。,碌に力も入らなくなってきた手で、針を構え、飛ばす。,images/00003.webp,"rgb(156, 39, 176)"
木兎乃,しかしそれも、男に届く前に地に落ちた。,しかしそれも、男に届く前に地に落ちた。,images/00003.webp,"rgb(156, 39, 176)"
木兎乃,「っ、はぁ……」,「っ、はぁ……」,images/00003.webp,"rgb(156, 39, 176)"
木兎乃,肩で息をする。,肩で息をする。,images/00003.webp,"rgb(156, 39, 176)"
木兎乃,口から血が零れる。,口から血が零れる。,images/00003.webp,"rgb(156, 39, 176)"
木兎乃,それでも、視線だけは逸らすまいと。,それでも、視線だけは逸らすまいと。,images/00003.webp,"rgb(156, 39, 176)"
木兎乃,確と見据えていた。 [編集済],"確と見据えていた。<span style=""color: rgb(117, 117, 117);"">&nbsp;[編集済]</span>",images/00003.webp,"rgb(156, 39, 176)"
GM,■プロット1,■プロット1,,"rgb(136, 136, 136)"
スズシロ,奥義を使用します。,奥義を使用します。,images/00015.webp,"rgb(71, 131, 132)"
GM,了解です。奥義情報をお願いします。,了解です。奥義情報をお願いします。,,"rgb(136, 136, 136)"
スズシロ,"■奥義
指定特技：遊芸
効果　　：範囲攻撃/くらまし/滅び/射程低下/人数限定","■奥義
指定特技：遊芸
効果　　：範囲攻撃/くらまし/滅び/射程低下/人数限定",images/00015.webp,"rgb(71, 131, 132)"
GM,奥義破りをされる場合は判定をどうぞ。くらましがあるので判定に-2がつきます。,奥義破りをされる場合は判定をどうぞ。くらましがあるので判定に-2がつきます。,,"rgb(136, 136, 136)"
木兎乃,奥義破りに挑戦します。,奥義破りに挑戦します。,images/00003.webp,"rgb(156, 39, 176)"
GM,-2をつけて判定をどうぞ❗,-2をつけて判定をどうぞ❗,,"rgb(136, 136, 136)"
木兎乃,"2D6-2>=7 （判定：詐術） (2D6-2>=7) ＞ 10[4,6]-2 ＞ 8 ＞ 成功","2D6-2&gt;=7 （判定：詐術）<span style=""color: rgb(33, 150, 243);"">&nbsp;(2D6-2&gt;=7) ＞ 10[4,6]-2 ＞ 8 ＞ 成功</span>",images/00003.webp,"rgb(156, 39, 176)"
GM,成功ですね！奥義は無効化されます。,成功ですね！奥義は無効化されます。,,"rgb(136, 136, 136)"
スズシロ,「気高い人」,「気高い人」,images/00015.webp,"rgb(71, 131, 132)"
スズシロ,「貴方のそういうところが」,「貴方のそういうところが」,images/00015.webp,"rgb(71, 131, 132)"
スズシロ,「まぶしくて、にくらしくて、どうしてもほしい」,「まぶしくて、にくらしくて、どうしてもほしい」,images/00015.webp,"rgb(71, 131, 132)"
スズシロ,悠々と歩み、纏った色を相手に叩きつけようと、手が振り上げられる。,悠々と歩み、纏った色を相手に叩きつけようと、手が振り上げられる。,images/00015.webp,"rgb(71, 131, 132)"
木兎乃,見据えて、いる。,見据えて、いる。,images/00003.webp,"rgb(156, 39, 176)"
木兎乃,その軌道が、暴力が、叩きつけられるのを、,その軌道が、暴力が、叩きつけられるのを、,images/00003.webp,"rgb(156, 39, 176)"
木兎乃,フ、と息を吐いて、避ける。,フ、と息を吐いて、避ける。,images/00003.webp,"rgb(156, 39, 176)"
木兎乃,僅かな動作。,僅かな動作。,images/00003.webp,"rgb(156, 39, 176)"
木兎乃,よろめいたのとなんら変わらないくらいの。,よろめいたのとなんら変わらないくらいの。,images/00003.webp,"rgb(156, 39, 176)"
木兎乃,しかしそれは、確かにあなたの術を躱した。,しかしそれは、確かにあなたの術を躱した。,images/00003.webp,"rgb(156, 39, 176)"
スズシロ,女へ向ける視線が、搖らぐ。,女へ向ける視線が、搖らぐ。,images/00015.webp,"rgb(71, 131, 132)"
スズシロ,「往生際が悪くて」,「往生際が悪くて」,images/00015.webp,"rgb(71, 131, 132)"
スズシロ,「素敵です」,「素敵です」,images/00015.webp,"rgb(71, 131, 132)"
スズシロ,微笑んだ。,微笑んだ。,images/00015.webp,"rgb(71, 131, 132)"
木兎乃,「ええ」,「ええ」,images/00003.webp,"rgb(156, 39, 176)"
木兎乃,「このくらいはないと」,「このくらいはないと」,images/00003.webp,"rgb(156, 39, 176)"
木兎乃,「張り合いがないでしょう」,「張り合いがないでしょう」,images/00003.webp,"rgb(156, 39, 176)"
木兎乃,まだ視線は、揺らがない。,まだ視線は、揺らがない。,images/00003.webp,"rgb(156, 39, 176)"
System,[ GM ] がダイスシンボルを4 に変更しました。,[ GM ] がダイスシンボルを4 に変更しました。,,
GM,■ラウンド4,■ラウンド4,,"rgb(136, 136, 136)"
GM,プロットをお願いします！,プロットをお願いします！,,"rgb(136, 136, 136)"
木兎乃,プロットOK。,プロットOK。,images/00003.webp,"rgb(156, 39, 176)"
スズシロ,プロットOK。,プロットOK。,images/00015.webp,"rgb(71, 131, 132)"
GM,ではプロットの開示をお願いします！,ではプロットの開示をお願いします！,,"rgb(136, 136, 136)"
System,[ 木兎乃 ] がダイスシンボルを公開。出目は 2 です。,[ 木兎乃 ] がダイスシンボルを公開。出目は 2 です。,,
System,[ スズシロ ] がダイスシンボルを公開。出目は 4 です。,[ スズシロ ] がダイスシンボルを公開。出目は 4 です。,,
GM,"プロット4：スズシロ
プロット2：木兎乃","プロット4：スズシロ
プロット2：木兎乃",,"rgb(136, 136, 136)"
GM,■プロット4,■プロット4,,"rgb(136, 136, 136)"
スズシロ,奥義を使用します。,奥義を使用します。,images/00015.webp,"rgb(71, 131, 132)"
スズシロ,"指定特技：遊芸
効果　　：範囲攻撃/くらまし/滅び/射程低下/人数限定","指定特技：遊芸
効果　　：範囲攻撃/くらまし/滅び/射程低下/人数限定",images/00015.webp,"rgb(71, 131, 132)"
GM,了解です。木兎乃は奥義破りの判定をどうぞ。,了解です。木兎乃は奥義破りの判定をどうぞ。,,"rgb(136, 136, 136)"
木兎乃,はい。,はい。,images/00003.webp,"rgb(156, 39, 176)"
木兎乃,"2D6-2>=7 （判定：詐術） (2D6-2>=7) ＞ 6[1,5]-2 ＞ 4 ＞ 失敗","2D6-2&gt;=7 （判定：詐術）<span style=""color: rgb(220, 0, 78);"">&nbsp;(2D6-2&gt;=7) ＞ 6[1,5]-2 ＞ 4 ＞ 失敗</span>",images/00003.webp,"rgb(156, 39, 176)"
GM,ああっ,ああっ,,"rgb(136, 136, 136)"
GM,では……2点のダメージを受けて脱落となりますね。,では……2点のダメージを受けて脱落となりますね。,,"rgb(136, 136, 136)"
System,[ 木兎乃 ] 謀術 : 1 → 0,[ 木兎乃 ] 謀術 : 1 → 0,,
System,[ 木兎乃 ] 妖術 : 1 → 0,[ 木兎乃 ] 妖術 : 1 → 0,,
GM,脱落時の行動もとれますが、どうしますか？,脱落時の行動もとれますが、どうしますか？,,"rgb(136, 136, 136)"
木兎乃,そのまま脱落します。,そのまま脱落します。,images/00003.webp,"rgb(156, 39, 176)"
GM,了解しました。,了解しました。,,"rgb(136, 136, 136)"
GM,木兎乃が脱落し、勝者はスズシロとなります。,木兎乃が脱落し、勝者はスズシロとなります。,,"rgb(136, 136, 136)"
GM,スズシロは任意のタイミングで戦果を宣言してください。,スズシロは任意のタイミングで戦果を宣言してください。,,"rgb(136, 136, 136)"
GM,後はもう……全部お任せします！！,後はもう……全部お任せします！！,,"rgb(136, 136, 136)"
スズシロ,はい…………。,はい…………。,images/00015.webp,"rgb(71, 131, 132)"
GM,プライズの秘密も任意のタイミングで公開してください。,プライズの秘密も任意のタイミングで公開してください。,,"rgb(136, 136, 136)"
スズシロ,――色が。,――色が。,images/00015.webp,"rgb(71, 131, 132)"
スズシロ,女を追う。,女を追う。,images/00015.webp,"rgb(71, 131, 132)"
スズシロ,纏わりつこうとする。,纏わりつこうとする。,images/00015.webp,"rgb(71, 131, 132)"
木兎乃,かつ、かつん、と、弱々しい杖の音。,かつ、かつん、と、弱々しい杖の音。,images/00003.webp,"rgb(156, 39, 176)"
木兎乃,数歩、その色から逃れようと足を引き摺って。,数歩、その色から逃れようと足を引き摺って。,images/00003.webp,"rgb(156, 39, 176)"
木兎乃,「――あ、」,「――あ、」,images/00003.webp,"rgb(156, 39, 176)"
木兎乃,足に纏わりつく。,足に纏わりつく。,images/00003.webp,"rgb(156, 39, 176)"
木兎乃,腕にこびりつく。,腕にこびりつく。,images/00003.webp,"rgb(156, 39, 176)"
木兎乃,胸を塗りたくる。,胸を塗りたくる。,images/00003.webp,"rgb(156, 39, 176)"
木兎乃,色《呪い》に、飲み込まれていく。,色《呪い》に、飲み込まれていく。,images/00003.webp,"rgb(156, 39, 176)"
スズシロ,色の中から、男の手が伸びて。,色の中から、男の手が伸びて。,images/00015.webp,"rgb(71, 131, 132)"
スズシロ,貴方を捉えた。,貴方を捉えた。,images/00015.webp,"rgb(71, 131, 132)"
スズシロ,貴方の両手首を左手一つで掴んで。,貴方の両手首を左手一つで掴んで。,images/00015.webp,"rgb(71, 131, 132)"
スズシロ,壁に押し付ける。,壁に押し付ける。,images/00015.webp,"rgb(71, 131, 132)"
木兎乃,腕を捻り上げられた形で、壁に縫い付けられる。,腕を捻り上げられた形で、壁に縫い付けられる。,images/00003.webp,"rgb(156, 39, 176)"
木兎乃,「んっ、ぅ……」,「んっ、ぅ……」,images/00003.webp,"rgb(156, 39, 176)"
木兎乃,弱々しくもがいても、何の意味もなく。,弱々しくもがいても、何の意味もなく。,images/00003.webp,"rgb(156, 39, 176)"
木兎乃,「…………」,「…………」,images/00003.webp,"rgb(156, 39, 176)"
木兎乃,じきに、抵抗する力もなくなって項垂れた。,じきに、抵抗する力もなくなって項垂れた。,images/00003.webp,"rgb(156, 39, 176)"
スズシロ,空いている右手を顎に当てて、顔を上げさせる。,空いている右手を顎に当てて、顔を上げさせる。,images/00015.webp,"rgb(71, 131, 132)"
スズシロ,「大丈夫」,「大丈夫」,images/00015.webp,"rgb(71, 131, 132)"
スズシロ,「死ぬ予定は変わりありませんから」,「死ぬ予定は変わりありませんから」,images/00015.webp,"rgb(71, 131, 132)"
木兎乃,荒い息を零す。,荒い息を零す。,images/00003.webp,"rgb(156, 39, 176)"
木兎乃,その口元が、弱々しく上がる。,その口元が、弱々しく上がる。,images/00003.webp,"rgb(156, 39, 176)"
木兎乃,「じゃあ、その」,「じゃあ、その」,images/00003.webp,"rgb(156, 39, 176)"
木兎乃,「わずかな残り時間で」,「わずかな残り時間で」,images/00003.webp,"rgb(156, 39, 176)"
木兎乃,「どうする、おつもりで？」,「どうする、おつもりで？」,images/00003.webp,"rgb(156, 39, 176)"
スズシロ,「貴方を愛でます」,「貴方を愛でます」,images/00015.webp,"rgb(71, 131, 132)"
スズシロ,「まずは、両足の骨を逆向きに折ってあげてますね」,「まずは、両足の骨を逆向きに折ってあげてますね」,images/00015.webp,"rgb(71, 131, 132)"
スズシロ,「腕は僕をずっと抱いてくれるように輪っかにしちゃいましょうか」,「腕は僕をずっと抱いてくれるように輪っかにしちゃいましょうか」,images/00015.webp,"rgb(71, 131, 132)"
スズシロ,「でも、じっと見つめられると照れちゃうから」,「でも、じっと見つめられると照れちゃうから」,images/00015.webp,"rgb(71, 131, 132)"
スズシロ,「首から上は後ろを向いててほしいなあ」,「首から上は後ろを向いててほしいなあ」,images/00015.webp,"rgb(71, 131, 132)"
木兎乃,無邪気なほどにあっけらかんと語られる理想は、吐き気を催すに十分だった。,無邪気なほどにあっけらかんと語られる理想は、吐き気を催すに十分だった。,images/00003.webp,"rgb(156, 39, 176)"
木兎乃,「っ、趣味の、悪い……」,「っ、趣味の、悪い……」,images/00003.webp,"rgb(156, 39, 176)"
木兎乃,それでも、こうして負けて、挽回の目もない以上は。,それでも、こうして負けて、挽回の目もない以上は。,images/00003.webp,"rgb(156, 39, 176)"
木兎乃,彼の“理想”に、付き合わされるのだろう。,彼の“理想”に、付き合わされるのだろう。,images/00003.webp,"rgb(156, 39, 176)"
木兎乃,どうか早く、毒が効いてほしいと一心に願いながら。,どうか早く、毒が効いてほしいと一心に願いながら。,images/00003.webp,"rgb(156, 39, 176)"
スズシロ,「そうやって言ってくれる口も残しておきたいけれど」,「そうやって言ってくれる口も残しておきたいけれど」,images/00015.webp,"rgb(71, 131, 132)"
スズシロ,「難しいかなあ」,「難しいかなあ」,images/00015.webp,"rgb(71, 131, 132)"
スズシロ,「何人も試しては来ているんですが」,「何人も試しては来ているんですが」,images/00015.webp,"rgb(71, 131, 132)"
スズシロ,「いつも途中で叫ぶのをやめてしまうから」,「いつも途中で叫ぶのをやめてしまうから」,images/00015.webp,"rgb(71, 131, 132)"
スズシロ,プライズの秘密を公開します。,プライズの秘密を公開します。,images/00015.webp,"rgb(71, 131, 132)"
GM,"「あなたは(1)［3日前］、［追ってから逃れて瀕死の相手を誰の目にも留まらぬ場所で匿う］ために、この病院の人々を全て殺した。あなたは［原型を留めないほど、ひどく無惨に］彼らを殺した。
目の前の相手だけは殺さなかった。［相手を理想化し、羨み、嫉妬した果てに手に入れようと思った］からだ。記憶の混乱の治療にはもっと時間を掛けたかったが、今日までが限界だった。あなたは[自分ともども全てを闇に葬り去るため、自分と相手に致死の毒を仕込んだ。明日には二人とも死ぬだろう]。
　これこそが、これだけが、(6)［　真実　］である。」","「あなたは(1)［3日前］、［追ってから逃れて瀕死の相手を誰の目にも留まらぬ場所で匿う］ために、この病院の人々を全て殺した。あなたは［原型を留めないほど、ひどく無惨に］彼らを殺した。
目の前の相手だけは殺さなかった。［相手を理想化し、羨み、嫉妬した果てに手に入れようと思った］からだ。記憶の混乱の治療にはもっと時間を掛けたかったが、今日までが限界だった。あなたは[自分ともども全てを闇に葬り去るため、自分と相手に致死の毒を仕込んだ。明日には二人とも死ぬだろう]。
　これこそが、これだけが、(6)［　真実　］である。」",,"rgb(136, 136, 136)"
スズシロ,「僕が死ぬまでは、声を聞かせて」,「僕が死ぬまでは、声を聞かせて」,images/00015.webp,"rgb(71, 131, 132)"
スズシロ,「僕がここにいる証明になってくださいね」,「僕がここにいる証明になってくださいね」,images/00015.webp,"rgb(71, 131, 132)"
スズシロ,「先生」,「先生」,images/00015.webp,"rgb(71, 131, 132)"
木兎乃,ああ、どうか。,ああ、どうか。,images/00003.webp,"rgb(156, 39, 176)"
木兎乃,早く夜が明けて。,早く夜が明けて。,images/00003.webp,"rgb(156, 39, 176)"
木兎乃,早く死なせてほしい。,早く死なせてほしい。,images/00003.webp,"rgb(156, 39, 176)"
木兎乃,――窓の外は、未だ星が輝いていた。,――窓の外は、未だ星が輝いていた。,images/00003.webp,"rgb(156, 39, 176)"
スズシロ,戦果は、敗者に感情を取得させます。,戦果は、敗者に感情を取得させます。,images/00015.webp,"rgb(71, 131, 132)"
GM,はい。内容を宣言してください。,はい。内容を宣言してください。,,"rgb(136, 136, 136)"
スズシロ,『殺意』を取ってもらいます。,『殺意』を取ってもらいます。,images/00015.webp,"rgb(71, 131, 132)"
GM,了解しました。木兎乃はスズシロへの殺意を獲得します。,了解しました。木兎乃はスズシロへの殺意を獲得します。,,"rgb(136, 136, 136)"
木兎乃,はい。,はい。,images/00003.webp,"rgb(156, 39, 176)"
スズシロ,一つ、一つ。,一つ、一つ。,images/00015.webp,"rgb(71, 131, 132)"
スズシロ,眼の前にある貴方を思い通りに変えていく。,眼の前にある貴方を思い通りに変えていく。,images/00015.webp,"rgb(71, 131, 132)"
木兎乃,最初は抑えるような声で、次第にあられもない悲鳴になって。,最初は抑えるような声で、次第にあられもない悲鳴になって。,images/00003.webp,"rgb(156, 39, 176)"
スズシロ,手が届く。触れられる。壊すことができる。,手が届く。触れられる。壊すことができる。,images/00015.webp,"rgb(71, 131, 132)"
木兎乃,声が枯れて、掠れていく。,声が枯れて、掠れていく。,images/00003.webp,"rgb(156, 39, 176)"
木兎乃,インクの切れたペンみたいに。 [編集済],"インクの切れたペンみたいに。<span style=""color: rgb(117, 117, 117);"">&nbsp;[編集済]</span>",images/00003.webp,"rgb(156, 39, 176)"
スズシロ,そうなってほしくないのに。,そうなってほしくないのに。,images/00015.webp,"rgb(71, 131, 132)"
スズシロ,貴方はもっと、遠くて、美しい、そのはずで。,貴方はもっと、遠くて、美しい、そのはずで。,images/00015.webp,"rgb(71, 131, 132)"
スズシロ,好きな形にはならないはずなのだが。,好きな形にはならないはずなのだが。,images/00015.webp,"rgb(71, 131, 132)"
スズシロ,もう、こんなに。,もう、こんなに。,images/00015.webp,"rgb(71, 131, 132)"
スズシロ,貴方ではなくなってしまった。,貴方ではなくなってしまった。,images/00015.webp,"rgb(71, 131, 132)"
木兎乃,優しく穏やかだった声は見る影もなく、理性を失った獣と大して変わらない、意味をなさない音を出すばかり。,優しく穏やかだった声は見る影もなく、理性を失った獣と大して変わらない、意味をなさない音を出すばかり。,images/00003.webp,"rgb(156, 39, 176)"
木兎乃,杖を突いていた脚はもう折り曲げられて、歩くことは叶わない。,杖を突いていた脚はもう折り曲げられて、歩くことは叶わない。,images/00003.webp,"rgb(156, 39, 176)"
木兎乃,細い指の白い手は血にまみれて形を失って、ただの肉塊と化していた。,細い指の白い手は血にまみれて形を失って、ただの肉塊と化していた。,images/00003.webp,"rgb(156, 39, 176)"
スズシロ,これが先生だったっけ。,これが先生だったっけ。,images/00015.webp,"rgb(71, 131, 132)"
スズシロ,もう見る影もない。,もう見る影もない。,images/00015.webp,"rgb(71, 131, 132)"
スズシロ,窓の向こうのずっと遠くから光が見える。,窓の向こうのずっと遠くから光が見える。,images/00015.webp,"rgb(71, 131, 132)"
スズシロ,朝がもうすぐ来るだろう。,朝がもうすぐ来るだろう。,images/00015.webp,"rgb(71, 131, 132)"
スズシロ,自分の方の頭にも、段々と靄がかかってきた。,自分の方の頭にも、段々と靄がかかってきた。,images/00015.webp,"rgb(71, 131, 132)"
スズシロ,貴方の顔を見つめる。,貴方の顔を見つめる。,images/00015.webp,"rgb(71, 131, 132)"
木兎乃,もう、視線は合わない。,もう、視線は合わない。,images/00003.webp,"rgb(156, 39, 176)"
スズシロ,ああ、すっかり違うものになってしまった。,ああ、すっかり違うものになってしまった。,images/00015.webp,"rgb(71, 131, 132)"
スズシロ,けれど。,けれど。,images/00015.webp,"rgb(71, 131, 132)"
スズシロ,やっと手に入れたような気がする。,やっと手に入れたような気がする。,images/00015.webp,"rgb(71, 131, 132)"
スズシロ,僕のためだけの貴方。,僕のためだけの貴方。,images/00015.webp,"rgb(71, 131, 132)"
木兎乃,それは、もはや、人ではなかった。,それは、もはや、人ではなかった。,images/00003.webp,"rgb(156, 39, 176)"
木兎乃,いつの間にか、心臓は止まっていて。,いつの間にか、心臓は止まっていて。,images/00003.webp,"rgb(156, 39, 176)"
木兎乃,あなたの思う通りに形を変えて、そこにある、ただの“もの”。,あなたの思う通りに形を変えて、そこにある、ただの“もの”。,images/00003.webp,"rgb(156, 39, 176)"
木兎乃,一足先に魂の逃げ出した抜け殻が、昇る朝日に照らされていった。,一足先に魂の逃げ出した抜け殻が、昇る朝日に照らされていった。,images/00003.webp,"rgb(156, 39, 176)"
GM,＊,＊,,"rgb(136, 136, 136)"
GM,■功績点会議,■功績点会議,,"rgb(136, 136, 136)"
GM,ルルブの71Pを開いてください！,ルルブの71Pを開いてください！,,"rgb(136, 136, 136)"
GM,功績点の表があります。上から確認していきましょう。,功績点の表があります。上から確認していきましょう。,,"rgb(136, 136, 136)"
GM,1．流儀の達成,1．流儀の達成,,"rgb(136, 136, 136)"
GM,所属流派の流儀が達成できたか、または仇敵との戦闘で勝利したかです。,所属流派の流儀が達成できたか、または仇敵との戦闘で勝利したかです。,,"rgb(136, 136, 136)"
GM,今回どちらも仇敵ではないので、流儀の達成ですね。,今回どちらも仇敵ではないので、流儀の達成ですね。,,"rgb(136, 136, 136)"
GM,スズシロ：シノビガミの復活を阻止する,スズシロ：シノビガミの復活を阻止する,,"rgb(136, 136, 136)"
GM,そういうシナリオじゃなかったですね～,そういうシナリオじゃなかったですね～,,"rgb(136, 136, 136)"
スズシロ,なかったな～,なかったな～,images/00015.webp,"rgb(71, 131, 132)"
GM,こちらは未達成です。,こちらは未達成です。,,"rgb(136, 136, 136)"
GM,木兎乃：愛と死を等しく与える,木兎乃：愛と死を等しく与える,,"rgb(136, 136, 136)"
GM,うーん……,うーん……,,"rgb(136, 136, 136)"
木兎乃,愛と死……与え……！？,愛と死……与え……！？,images/00003.webp,"rgb(156, 39, 176)"
木兎乃,与えたかなあ……,与えたかなあ……,images/00003.webp,"rgb(156, 39, 176)"
木兎乃,う～ん……,う～ん……,images/00003.webp,"rgb(156, 39, 176)"
GM,与えられてるかも……,与えられてるかも……,,"rgb(136, 136, 136)"
木兎乃,愛はしたし（？）死もしたかも（？）,愛はしたし（？）死もしたかも（？）,images/00003.webp,"rgb(156, 39, 176)"
スズシロ,（笑顔のスズシロ）,（笑顔のスズシロ）,images/00015.webp,"rgb(71, 131, 132)"
木兎乃,逆レをし　毒薬を飲ませ,逆レをし　毒薬を飲ませ,images/00003.webp,"rgb(156, 39, 176)"
GM,与えてるかも……,与えてるかも……,,"rgb(136, 136, 136)"
GM,スズシロさんも笑顔だし　これは達成で！,スズシロさんも笑顔だし　これは達成で！,,"rgb(136, 136, 136)"
GM,1点どうぞ！,1点どうぞ！,,"rgb(136, 136, 136)"
木兎乃,やった～！,やった～！,images/00003.webp,"rgb(156, 39, 176)"
木兎乃,こんな姿になった甲斐があります（モザイクをかける）,こんな姿になった甲斐があります（モザイクをかける）,images/00003.webp,"rgb(156, 39, 176)"
GM,お茶の間に映せなくなっちゃった…… [編集済],"お茶の間に映せなくなっちゃった……<span style=""color: rgb(117, 117, 117);"">&nbsp;[編集済]</span>",,"rgb(136, 136, 136)"
スズシロ,（僕が作りましたの生産者表示）,（僕が作りましたの生産者表示）,images/00015.webp,"rgb(71, 131, 132)"
GM,笑顔のスズシロさん……,笑顔のスズシロさん……,,"rgb(136, 136, 136)"
GM,2．セッションに最後まで参加した,2．セッションに最後まで参加した,,"rgb(136, 136, 136)"
GM,これは、クライマックスに参加して、かつ脱落せずに最後まで立っていた人に与えられます。,これは、クライマックスに参加して、かつ脱落せずに最後まで立っていた人に与えられます。,,"rgb(136, 136, 136)"
GM,スズシロさんですね。1点どうぞ！,スズシロさんですね。1点どうぞ！,,"rgb(136, 136, 136)"
スズシロ,わぁい,わぁい,images/00015.webp,"rgb(71, 131, 132)"
GM,3．ロールプレイ,3．ロールプレイ,,"rgb(136, 136, 136)"
GM,GM琴線！！,GM琴線！！,,"rgb(136, 136, 136)"
GM,お二人とも最高でしたので、1点ずつどうぞ！！,お二人とも最高でしたので、1点ずつどうぞ！！,,"rgb(136, 136, 136)"
木兎乃,やった～！,やった～！,images/00003.webp,"rgb(156, 39, 176)"
スズシロ,やったあ！,やったあ！,images/00015.webp,"rgb(71, 131, 132)"
GM,4．プライズの獲得,4．プライズの獲得,,"rgb(136, 136, 136)"
GM,セッション中にプライズを獲得した人。二人とも達成ですので、こちらも1点ずつどうぞ！,セッション中にプライズを獲得した人。二人とも達成ですので、こちらも1点ずつどうぞ！,,"rgb(136, 136, 136)"
スズシロ,わーいっ,わーいっ,images/00015.webp,"rgb(71, 131, 132)"
木兎乃,やったぜ,やったぜ,images/00003.webp,"rgb(156, 39, 176)"
GM,5は一旦飛ばして～,5は一旦飛ばして～,,"rgb(136, 136, 136)"
GM,6．使命の達成,6．使命の達成,,"rgb(136, 136, 136)"
GM,スズシロ：木兎乃にプライズを渡し、かつ最終的なプライズの所持者となる,スズシロ：木兎乃にプライズを渡し、かつ最終的なプライズの所持者となる,,"rgb(136, 136, 136)"
GM,達成ですね。おめでとうございます。,達成ですね。おめでとうございます。,,"rgb(136, 136, 136)"
GM,3点です！,3点です！,,"rgb(136, 136, 136)"
スズシロ,やった～～,やった～～,images/00015.webp,"rgb(71, 131, 132)"
木兎乃,お見事！,お見事！,images/00003.webp,"rgb(156, 39, 176)"
GM,木兎乃：スズシロにプライズを渡し、かつ最終的なプライズの所持者となる,木兎乃：スズシロにプライズを渡し、かつ最終的なプライズの所持者となる,,"rgb(136, 136, 136)"
GM,大変なことになってしまいました……,大変なことになってしまいました……,,"rgb(136, 136, 136)"
GM,残念ながら、使命達成ならず。,残念ながら、使命達成ならず。,,"rgb(136, 136, 136)"
木兎乃,あ～ん　至らぬ身……,あ～ん　至らぬ身……,images/00003.webp,"rgb(156, 39, 176)"
GM,シノビガミ、難しい……,シノビガミ、難しい……,,"rgb(136, 136, 136)"
GM,では最後に……,では最後に……,,"rgb(136, 136, 136)"
GM,5．琴線に触れた,5．琴線に触れた,,"rgb(136, 136, 136)"
GM,4人シナリオだとダイスを隠してやったりするのですが……,4人シナリオだとダイスを隠してやったりするのですが……,,"rgb(136, 136, 136)"
GM,二人ですからね　せーので琴線に触れた相手を宣言してください。,二人ですからね　せーので琴線に触れた相手を宣言してください。,,"rgb(136, 136, 136)"
GM,せーのっ,せーのっ,,"rgb(136, 136, 136)"
木兎乃,スズシロさん！,スズシロさん！,images/00003.webp,"rgb(156, 39, 176)"
スズシロ,木兎乃さん！,木兎乃さん！,images/00015.webp,"rgb(71, 131, 132)"
GM,はい！,はい！,,"rgb(136, 136, 136)"
GM,ではここまでの功績点を各自集計してください。,ではここまでの功績点を各自集計してください。,,"rgb(136, 136, 136)"
木兎乃,4点！,4点！,images/00003.webp,"rgb(156, 39, 176)"
スズシロ,1+1+1+3+1で７点！,1+1+1+3+1で７点！,images/00015.webp,"rgb(71, 131, 132)"
GM,はい！,はい！,,"rgb(136, 136, 136)"
GM,ではこれにて功績点会議、およびセッションを終了します。 [編集済],"ではこれにて功績点会議、およびセッションを終了します。<span style=""color: rgb(117, 117, 117);"">&nbsp;[編集済]</span>",,"rgb(136, 136, 136)"
GM,お疲れ様でした～～！！,お疲れ様でした～～！！,,"rgb(136, 136, 136)"
スズシロ,お疲れ様でした～！,お疲れ様でした～！,images/00015.webp,"rgb(71, 131, 132)"
木兎乃,お疲れ様でした！,お疲れ様でした！,images/00003.webp,"rgb(156, 39, 176)"